id,label
0,作为标的证券的股票应当符合哪些条件
1,作为标的证券的股票应当符合哪些条件
2,卓越版网上交易软件登录失败的原因
3,卓越版网上交易软件有哪些快捷键
4,卓越版网上交易软件有哪些快捷键
5,卓越版网上交易软件恢复个性化数据方法
6,卓越版网上交易软件恢复个性化数据方法
7,卓越版网上交易软件恢复个性化数据方法
8,卓越版网上交易软件更新方法
9,卓越版网上交易软件更新方法
10,卓越版网上交易软件更新方法
11,卓越版网上交易软件更新方法
12,卓越版网上交易软件登录失败的原因
13,卓越版网上交易软件登录失败的原因
14,卓越版网上交易软件登录失败的原因
15,卓越版网上交易软件登录失败的原因
16,卓越版网上交易软件初始化设置方法
17,卓越版网上交易软件初始化设置方法
18,卓越版网上交易软件初始化设置方法
19,卓越版网上交易软件初始化设置方法
20,卓越版网上交易软件备份个性化数据方法
21,卓越版网上交易软件备份个性化数据方法
22,卓越版网上交易软件备份个性化数据方法
23,卓越版登录时提示“连接交易中心失败，链接被占满或全部中间键已异常”
24,卓越版登录时提示“连接交易中心失败，链接被占满或全部中间键已异常”
25,卓越版登录时提示“连接交易中心失败，链接被占满或全部中间键已异常”
26,转增股票是否扣税
27,转增股票是否扣税
28,转增股票是否扣税
29,转出担保物的条件
30,转出担保物的条件
31,开立融资融券信用账户当天是否能提交担保物
32,开立融资融券信用账户当天是否能提交担保物
33,转出担保物的条件
34,转出担保物的条件
35,支持T+0申赎的基金种类
36,支持T+0申赎的基金种类
37,什么是连续竞价
38,证券竞价交易方式
39,证券竞价交易成交原则
40,证券竞价交易成交原则
41,掌厅全业务统计查询如何操作
42,掌厅全业务统计查询如何操作
43,涨跌幅限制价格的计算公式
44,涨跌幅限制价格的计算公式
45,涨、跌停板股票能否交易
46,涨、跌停板股票能否交易
47,涨、跌停板股票能否交易
48,债券逆回购委托失败的常见原因
49,怎么开立A股证券账户
50,怎么开立A股证券账户
51,怎么开立A股证券账户
52,如何开通B股
53,怎么开立A股证券账户
54,怎么开立A股证券账户
55,如何开通B股
56,运营总监权限包括哪些权限
57,预约信息查询如何操作
58,预约信息查询如何操作
59,现金添利预约取款设置后，次日无法取款，可能的原因
60,预约取款的有效期限
61,玉如翼手机交易软件下载方法
62,应该在哪里查询招聘信息
63,应该在哪里查询招聘信息
64,营业部权限如何申请
65,营业部联系方式
66,营业部开户绑定统计客户汇总情况如何查询
67,客服的工作时间
68,异地能否开通创业板权限
69,异地能否开通创业板权限
70,异地能否开通创业板权限
71,一个人可以开立几个港股通
72,一个人可以开立几个港股通
73,新开股东账号是否收费
74,新开股东账号是否收费
75,心安增利账单信息
76,心安增利账单信息
77,心安增利账单信息
78,心安增利退出办理途径
79,心安增利退出办理途径
80,心安增利退出办理时间
81,心安增利收益分配原则
82,心安增利收益分配原则
83,心安增利收益到账时间
84,心安增利收益分配日
85,心安增利收益到账时间
86,心安增利收益到账时间
87,心安增利收费规则
88,心安增利何时分红
89,心安增利管理人收取什么费用
90,心安增利管理人收取什么费用
91,心安增利账单信息
92,心安增利份额净值如何计算
93,心安增利份额净值如何计算
94,心安增利的特点
95,心安增利的特点
96,心安增利的特点
97,心安增利的收益构成
98,心安增利的收益构成
99,心安增利的收益构成
100,心安增利的类型
101,心安增利的类型
102,什么是心安增利
103,心安增利的代码
104,心安增利的代码
105,心安增利的参与条件（参与最低金额）
106,心安增利的参与条件（参与最低金额）
107,心安增利的参与条件（参与最低金额）
108,心安增利参与申请查询
109,协商佣金是否一定要前往营业部
110,协商佣金是否一定要前往营业部
111,现金添利预约取款设置后，次日无法取款，可能的原因
112,现金添利预约取款
113,现金添利预约取款的操作途径
114,现金添利预约取款
115,现金添利相关公告查询方法
116,现金添利退出申请查询
117,现金添利退出申请查询
118,现金添利退出金额的计算方法
119,现金添利退出费用
120,现金添利退出费用
121,参与现金添利的时间安排
122,现金添利退出方式
123,现金添利退出的限制与次数
124,现金添利退出的限制与次数
125,现金添利退出的限制与次数
126,现金添利退出办理时间
127,现金添利退出办理时间
128,现金添利收益计算公式
129,投资者参与现金添利的最低金额
130,现金添利收益分配原则
131,现金添利收益分配原则
132,现金添利收益到账时间
133,现金添利收益到账时间
134,现金添利收费规则
135,现金添利快速取现是否收费
136,现金添利快速取现金额限制
137,现金添利快速取现金额限制
138,现金添利快速取现和保留额度的区别
139,现金添利快速取现和保留额度的区别
140,现金添利快速取现金额限制
141,快速取现支持的部分银行
142,现金添利快速取现的条件
143,现金添利快速取现的操作途径
144,现金添利快速取现的操作途径
145,现金添利快速取现操作时间
146,现金添利快速取现操作时间
147,现金添利快速取现金额限制
148,现金添利解约收益到账时间
149,现金添利解约收益到账时间
150,现金添利何时分红
151,现金添利何时分红
152,现金添利对账单的邮箱地址如何修改
153,现金添利对账单的邮箱地址如何修改
154,现金添利的特点
155,现金添利的特点
156,现金添利的收益构成
157,现金添利的收益构成
158,现金添利的收益构成
159,现金添利的决策依据
160,现金添利的决策依据
161,现金添利的对账单应该如何开通
162,现金添利的对账单应该如何开通
163,现金添利参与份额查询方法
164,现金添利参与份额查询方法
165,现金添利参考红利查询方法
166,现金添利保留额度设置后如何计息
167,现金添利保留额度设置后如何计息
168,现金添利保留额度
169,现金添利保留额度设置规则
170,现金添利保留额度设置规则
171,现金添利保留额度设置规则
172,现金添利保留额度设置规则
173,现金添利保留额度设置方法
174,现金添利保留额度设置方法
175,现金添利保留额度
176,现金添利“暂停”功能
177,现金添利“暂停”功能
178,现金添利“暂停”操作途径
179,现金添利“暂停”操作途径
180,现金添利“暂停”操作途径
181,系统测试公告
182,系统测试公告
183,股票无法买入的原因
184,不得开立A股账户的情况
185,股票无法买入的原因
186,涨、跌停板股票能否交易
187,我以前没有订阅过对账单，现在想要补寄可以吗
188,我以前没有订阅过对账单，现在想要补寄可以吗
189,我以前没有订阅过对账单，现在想要补寄可以吗
190,我想要补寄前几个月的对账单可以吗
191,如何申请补寄纸质对账单
192,我想要补寄前几个月的对账单可以吗
193,我司融资、融券利率如何查询
194,我司融资、融券利率如何查询
195,我司融资、融券利率如何查询
196,我国创业板市场与主板市场在上市条件方面的差异
197,我国创业板市场与主板市场在上市条件方面的差异
198,我国创业板市场与主板市场在上市条件方面的差异
199,我国创业板市场与主板市场在上市条件方面的差异
200,未能开通心安增利可能的原因
201,未能开通心安增利可能的原因
202,未能开通现金添利可能的原因
203,未能开通现金添利可能的原因
204,委托状态显示“已报”是什么意思
205,委托状态显示“部分成交”是什么意思
206,如何修改电子对账单的邮箱
207,何时收到对账单
208,为什么一直没有收到电子对账单
209,为什么客户进行担保证券A卖出，系统自动去偿还A的融资负债
210,为什么客户进行担保证券A卖出，系统自动去偿还A的融资负债
211,为什么客户进行担保证券A卖出，系统自动去偿还A的融资负债
212,为什么不让我申请补寄纸质对账单
213,为什么不让我申请补寄纸质对账单
214,为什么不让我申请补寄电子对账单
215,为何无法查询到港股行情
216,为何无法查询到港股行情
217,为何无法查询到港股行情
218,为什么不让我申请补寄纸质对账单
219,如何申请补寄纸质对账单
220,为何没有收到纸质对账单
221,为何没有收到纸质对账单
222,微信菜单能够查询哪些内容
223,网上交易软件下载方法
224,网上交易软件下载方法
225,网络投票能否撤单
226,网络投票能否撤单
227,网络投票能否撤单
228,网络投票操作流程
229,网络投票操作流程
230,网络投票操作流程
231,退出报价回购资金何时到账
232,退出报价回购资金何时到账
233,退出报价回购资金何时到账
234,投资者在办理转托管转入后何时可得到确认
235,投资者在办理转托管转入后何时可得到确认
236,投资者在办理转托管转入后何时可得到确认
237,投资者如何了解现金添利有关信息
238,投资者如何了解现金添利有关信息
239,如何查询君系列产品明细
240,君系列产品申购操作方法
241,投资者参与现金添利的最低金额
242,投资者参与现金添利的最低金额
243,投资者参与现金添利的最低金额
244,提现后，若需重新参与，应如何操作
245,提现后，若需重新参与，应如何操作
246,特征码绑定/解绑时验证码没收到怎么办
247,特征码绑定/解绑时验证码没收到怎么办
248,摊薄浮动盈亏如何计算
249,摊薄浮动盈亏如何计算
250,摊薄成本价如何计算
251,摊薄成本价如何计算
252,摊薄保本价如何计算
253,摊薄保本价如何计算
254,手机软件注册收不到验证码处理方法
255,手机软件注册收不到验证码处理方法
256,手机软件注册收不到验证码处理方法
257,手机交易软件登录失败常见原因
258,卓越版网上交易软件登录失败的原因
259,卓越版网上交易软件登录失败的原因
260,卓越版网上交易软件登录失败的原因
261,手机交易软件（指e通）下载方法
262,手机交易软件（指e通）下载方法
263,平板电脑交易软件下载方法
264,是否能和就近营业部协商佣金
265,是否能和就近营业部协商佣金
266,是否可以取消融资融券对账单
267,什么是市价委托
268,什么是市价委托
269,市价委托的类型有哪些
270,市价委托的类型有哪些
271,市价委托的类型有哪些
272,什么是市价委托
273,市价委托的风险
274,市价委托的风险
275,市价委托的风险
276,市价委托的风险
277,市价委托的风险
278,使用何种货币参与港股通交易
279,使用何种货币参与港股通交易
280,实际收取的佣金比率高于协商佣金率的原因
281,如何计算佣金率
282,什么是涨跌幅限制
283,什么是限价委托
284,什么是维持担保比例
285,什么是维持担保比例
286,什么是维持担保比例
287,什么是维持担保比例
288,什么是停牌
289,什么是收盘价
290,什么是融资融券
291,什么是融资融券
292,什么是融券保证金比例
293,什么是全额成交或撤销申报
294,什么是零股
295,什么是开盘价
296,什么是即时成交并撤销申报
297,什么是即时成交并撤销申报
298,什么是基金除息日
299,什么是股息差别税的先进先出原则
300,除权、除息日卖出股票，是否仍享有分红
301,A股股权登记日
302,什么是股权登记日
303,什么是港股通T+0交易
304,什么是分级基金整体折溢价
305,什么是分级基金整体折溢价
306,什么是分级基金的下折
307,什么是分级基金的上折
308,什么是分级基金
309,创业板股票的交易代码
310,创业板属于什么市场股票
311,创业板股票的交易代码
312,什么是标的证券
313,作为标的证券的股票应当符合哪些条件
314,什么是本方最优价格申报
315,什么是本方最优价格申报
316,什么是本方最优价格申报
317,什么是保证金比例
318,什么是保证金比例
319,什么是B股
320,什么是A股
321,A股交易币种
322,什么是B股
323,什么时候可以知道开放式基金当日的基金单位资产净值
324,如何查询开放式基金的单位资产净值
325,什么时候可以撤单
326,什么时候可以撤单
327,什么叫“转签”
328,深圳证券交易所停牌规则
329,深圳证券交易所停牌规则
330,深圳市场分级基金合并、分拆规则
331,上海市场分级基金合并、分拆规则
332,深圳市场分级基金合并、分拆规则
333,上午集合竞价未成交如何处理
334,上午集合竞价未成交如何处理
335,上午集合竞价未成交如何处理
336,上市公司股息红利个人所得税政策
337,转增股票是否扣税
338,上市公司股息红利个人所得税政策
339,上海证券微信公众号解绑客户号操作方法
340,上海证券微信公众号功能介绍
341,上海证券微信公众号如何设置服务提醒
342,上海证券微信公众号如何设置服务提醒
343,上海证券微信公众号能否绑定融资融券账户
344,上海证券微信公众号能否绑定融资融券账户
345,上海证券微信公众号能否绑定融资融券账户
346,上海证券微信公众号绑定客户号操作方法
347,上海证券微信公众号能否绑定多个客户号
348,上海证券微信公众号能否绑定多个客户号
349,上海证券微信公众号能否绑定多个客户号
350,上海证券微信公众号理财功能介绍
351,上海证券微信公众号理财功能介绍
352,上海证券微信公众号解绑客户号操作方法
353,上海证券微信公众号解绑客户号操作方法
354,上海证券微信公众号解绑客户号操作方法
355,上海证券微信公众号解绑客户号操作方法
356,上海证券微信公众号关注方法
357,上海证券微信公众号关注方法
358,上海证券微信公众号关注方法
359,上海证券微信公众号关注方法
360,上海证券微信公众号功能介绍
361,上海证券微信公众号功能介绍
362,上海证券微信公众号绑定客户号操作方法
363,上海证券微信公众号绑定客户号操作方法
364,上海证券微信公众号绑定客户号操作方法
365,上海证券微信公众号/订阅号是否收费
366,上海证券网上交易软件安装失败处理方法
367,上海证券网上交易软件安装失败处理方法
368,上海证券投诉流程
369,上海证券投诉流程
370,上海证券手机交易软件安装失败处理方法
371,上海证券手机交易软件安装失败处理方法
372,上海证券客服热线收费标准
373,隔夜委托时间
374,上海证券客服热线电话号码
375,上海证券客服热线电话号码
376,上海证券客服热线电话号码
377,上海证券客服热线电话号码
378,上海证券客服热线电话号码
379,上海证券交易所停牌规则
380,上海证券交易所停牌规则
381,上海证券交易所停牌规则
382,B股交易费用
383,上海证券电话委托流程
384,上海市场分级基金合并、分拆规则
385,上海市场分级基金合并、分拆规则
386,上海市场分级基金合并、分拆规则
387,闪电通手机交易软件下载方法
388,闪电通手机交易软件下载方法
389,三板B股交收规则
390,如何修改纸质对账单的地址
391,如何修改纸质对账单的地址
392,如何修改融资融券对账单的邮箱
393,如何修改理财产品对账单的地址
394,如何修改电子对账单的邮箱
395,如何申请补寄纸质对账单
396,如何申请补寄电子对账单
397,为什么不让我申请补寄电子对账单
398,如何申请补寄电子对账单
399,如何申请补寄电子对账单
400,如何取消纸质对账单
401,如何取消电子对账单
402,如何开通心安增利
403,如何开通现金添利
404,如何开通现金添利
405,如何开通港股通
406,如何开通港股通
407,如何开通港股通
408,如何开通港股通
409,如何开通参与君系列产品
410,如何开通参与君系列产品
411,创业板交易权限能否网上开通
412,如何计算佣金率
413,如何计算佣金率
414,如何计算开放式基金的赎回费用及赎回金额
415,如何计算开放式基金的申购费用及申购份额
416,如何计算开放式基金的申购费用及申购份额
417,如何计算封闭式基金的申购赎回费用及份额
418,如何计算封闭式基金的申购赎回费用及份额
419,如何计算封闭式基金的申购赎回费用及份额
420,如何获得港股通股票的披露信息
421,如何获得港股通股票的披露信息
422,如何获得港股通股票的披露信息
423,如何查询转增股是否到账
424,如何查询佣金率
425,如何查询佣金率
426,如何查询心安增利信息
427,如何查询现金添利详细信息
428,如何查询现金红利是否到账
429,如何查询现金红利是否到账
430,如何查询是否退出心安增利产品
431,如何查询融资融券可充抵保证金证券
432,如何查询融资融券标的证券
433,如何查询融资融券标的证券
434,如何查询融资融券标的证券
435,如何查询融资融券标的证券
436,如何查询融资融券标的证券
437,如何查询客户号
438,如何查询客户号
439,如何查询开户客户的网点号
440,如何查询开放式基金的单位资产净值
441,什么时候可以知道开放式基金当日的基金单位资产净值
442,如何查询开放式基金的单位资产净值
443,投资者如何了解君系列产品有关信息
444,基金账号开通失败原因
445,如何查询基金账户的开通状态
446,如何查询股票红利是否到账
447,理财产品的购买
448,如何办理基金转托管
449,如何办理基金转托管
450,如何办理基金转托管
451,如何办理基金转托管
452,如何办理“封转开”
453,如何办理“封转开”
454,开放式基金分红方式设置方法
455,如何办理“封转开”
456,如何办理“封转开”
457,如果没有交易能收到对账单吗
458,我想要补寄前几个月的对账单可以吗
459,我以前没有订阅过对账单，现在想要补寄可以吗
460,如果没有交易能收到对账单吗
461,融资融券账户是否可以交易港股通
462,融资融券账户是否可以交易港股通
463,融资融券账户是否可以交易港股通
464,补充担保物应维持的比例是多少
465,补充担保物是否有期限要求
466,融资融券账户什么情况下投资者需要补仓，补仓额应该如何计算
467,融资融券账户什么情况下投资者需要补仓，补仓额应该如何计算
468,补充担保物是否有期限要求
469,融资融券需要补仓时是否会有通知
470,融资融券需要补仓时是否会有通知
471,融资融券需要补仓时是否会有通知
472,融资融券信用账户是否可以买卖基金
473,融资融券信用账户是否可以买卖基金
474,融资融券信用账户是否可以买卖基金
475,融资融券交易与普通证券交易有何不同
476,融资融券交易与普通证券交易有何不同
477,融资融券交易与普通证券交易有何不同
478,融资融券交易有纸质对账单吗
479,融资融券交易有纸质对账单吗
480,融资融券交易有纸质对账单吗
481,融资融券对账单如何开通
482,权益登记日当天申购基金是否可以参与分红
483,权益登记日当天申购基金是否可以参与分红
484,权益登记日当天申购基金是否可以参与分红
485,普通证券账户和信用证券账户的关系
486,普通员工权限包括哪些权限
487,普通员工权限包括哪些权限
488,平板电脑交易软件下载方法
489,平板电脑交易软件下载方法
490,平板电脑交易软件下载方法
491,手机交易软件（指e通）下载方法
492,平板电脑交易软件下载方法
493,能否重复进行网络投票
494,能否重复进行网络投票
495,网络投票操作流程
496,能否重复进行网络投票
497,能否调整佣金
498,能否调整佣金
499,能否调整佣金
500,能否调整佣金
501,B股交易费用
502,能否调整佣金
503,协商佣金是否一定要前往营业部
504,能否调整印花税
505,能否调整印花税
506,能否调整印花税
507,哪些软件可以进行网络投票
508,哪些软件可以进行网络投票
509,哪些软件可以进行网络投票
510,哪些交易软件能交易A股
511,哪些交易软件能交易A股
512,哪些交易软件能交易A股
513,买卖基金数量规定
514,买卖基金数量规定
515,A股竞价交易单笔申报最大数量
516,买卖基金数量规定
517,买卖股票数量规定
518,买卖股票数量规定
519,零股委托买卖规则
520,零股委托买卖规则
521,零股委托买卖规则
522,临平路营业部的联系方式
523,连续竞价时成交价格的确定
524,连续竞价时成交价格的确定
525,连续竞价时成交价格的确定
526,理财产品资金到账时间
527,理财产品资金到账时间
528,理财产品资金到账时间
529,理财产品无法购买原因
530,理财产品无法购买原因
531,理财产品无法购买原因
532,理财产品如何赎回/退出
533,理财产品如何赎回/退出
534,理财产品如何赎回/退出
535,理财产品的购买
536,理财产品的购买
537,理财产品的购买
538,理财产品的购买
539,离职申请的操作步骤
540,离职申请的操作步骤
541,离职申请的操作步骤
542,乐清旭阳路营业部的联系方式
543,乐清柳市营业部的联系方式
544,乐清虹桥营业部的联系方式
545,乐都(原茸城)营业部的联系方式
546,快速取现支持的部分银行
547,快速取现支持的部分银行
548,快速取现支持的部分银行
549,快速取现可取资金受限制的原因
550,现金添利快速取现金额限制
551,现金添利快速取现和保留额度的区别
552,客户融券卖出后所得资金为什么不计算入保证金可用余额中
553,客户融券卖出后所得资金为什么不计算入保证金可用余额中
554,客户融券卖出后所得资金为什么不计算入保证金可用余额中
555,客户持有融资标的股，但该股票退出融资标的池会如何处理
556,客户持有融资标的股，但该股票退出融资标的池会如何处理
557,客户持有融资标的股，但该股票退出融资标的池会如何处理
558,客服的工作时间
559,上海证券客服热线电话号码
560,客服的工作时间
561,客服的工作时间
562,可转债是否享受分红
563,可转债是否享受分红
564,可转债是否享受分红
565,可转债什么时候支付利息
566,可转债什么时候支付利息
567,可转债什么时候支付利息
568,可转债什么时候支付利息
569,可转债什么时候支付利息
570,可转债什么时候支付利息
571,可转债什么时候支付利息
572,可转债的发行方式
573,可转债的发行方式
574,可以关闭理财产品对账单吗
575,可以关闭理财产品对账单吗
576,可以关闭理财产品对账单吗
577,可以从事B股交易的投资者有哪些
578,可以从事B股交易的投资者有哪些
579,可以从事B股交易的投资者有哪些
580,可充抵保证金证券发生要约收购的处理
581,可充抵保证金证券发生要约收购的处理
582,可充抵保证金证券发生要约收购的处理
583,可充抵保证金证券发生要约收购的处理
584,可充抵保证金证券发生要约收购的处理
585,可充抵保证金证券发生要约收购的处理
586,可充抵保证金证券发生要约收购的处理
587,开通现金添利统计菜单中明细菜单如何操作查询
588,开通现金添利统计菜单中明细菜单可以筛选哪些内容进行查询
589,开通现金添利统计菜单中明细菜单可以查询哪些内容
590,开通现金添利统计菜单中汇总菜单可以筛选哪些内容进行查询
591,开通现金添利统计菜单中汇总菜单可以查询哪些内容
592,开通港股通是否收费
593,开通对账单功能要收费吗
594,开通对账单功能要收费吗
595,开盘临时停牌一小时的A股委托规则
596,开盘临时停牌一小时的A股委托规则
597,开盘临时停牌一小时的A股委托规则
598,开立融资融券信用账户当天是否能提交担保物
599,开立融资融券信用账户当天是否能提交担保物
600,开立融资融券信用账户当天是否能提交担保物
601,开户成功当天能否办理创业板转签
602,开户成功当天能否办理创业板转签
603,开户成功当天能否办理创业板转签
604,开户成功当天能否办理创业板首次开通
605,开户成功当天能否办理创业板首次开通
606,开户成功当天能否办理创业板首次开通
607,开户成功当天能否办理创业板首次开通
608,开户步骤中显示“开户完成”是否表示客户已经可以进行交易
609,开户绑定统计菜单中汇总界面的开户数是什么意思
610,开户绑定统计菜单中汇总界面操作栏里的？有什么作用
611,开放式基金账户申请开通后何时生效
612,开放式基金账户申请开通后何时生效
613,开放式基金账户申请开通后何时生效
614,开放式基金是否可以隔夜委托
615,开放式基金是否可以隔夜委托
616,开放式基金是否可以隔夜委托
617,开放式基金是否可以撤单
618,开放式基金是否可以撤单
619,开放式基金是否可以撤单
620,"开放式基金申购赎回的""未知价原则"""
621,"开放式基金申购赎回的""未知价原则"""
622,开放式基金和封闭式基金的区别
623,开放式基金和封闭式基金的区别
624,开放式基金和封闭式基金的区别
625,开放式基金分红方式设置方法
626,开放式基金分红方式
627,开放式基金分红方式设置方法
628,开放式基金分红方式设置方法
629,开放式基金分红方式
630,开放式基金分红方式
631,开放式基金的收费方式
632,开放式基金的申赎确认时间
633,开放式基金的申赎确认时间
634,开放式基金的申赎确认时间
635,开放式基金的认购和申购有什么区别
636,开放式基金的认购和申购有什么区别
637,开放式基金的认购和申购有什么区别
638,开放式基金的募集期限是多少
639,开放式基金的募集期限是多少
640,开放式基金的募集期限是多少
641,开放式基金的面值和认购价格是多少
642,开放式基金的面值和认购价格是多少
643,开放式基金的面值和认购价格是多少
644,君系列产品相关公告查询方法
645,参与君系列产品的时间安排
646,君系列产品退出办理时间
647,君系列产品退出途径
648,君系列产品退出办理时间
649,君系列产品退出办理时间
650,君系列产品赎回确认查询方法
651,君系列产品赎回确认查询方法
652,君系列产品赎回确认查询方法
653,君系列产品赎回操作方法
654,君系列产品赎回操作方法
655,君系列产品申购操作方法
656,君系列产品申购确认查询方法
657,君系列产品申购确认查询方法
658,如何开通参与君系列产品
659,君系列产品申购操作方法
660,君系列包括哪些产品
661,君系列包括哪些产品
662,九亭营业部的联系方式
663,金山营业部的联系方式
664,金华义乌稠州北路营业部的联系方式
665,交易时间内未撤单如何处理
666,交易时间内未撤单如何处理
667,股票冻结的原因
668,集合竞价时间是否能够撤单
669,集合竞价时间是否能够撤单
670,集合竞价时间是否能够撤单
671,集合竞价时成交价格的确定原则
672,集合竞价时成交价格的确定原则
673,集合竞价时成交价格的确定原则
674,基金交易收费标准（基金买卖收费规则）
675,基金转托管办理时间
676,基金转托管办理时间
677,基金账户销户流程
678,基金账户销户流程
679,基金账户开通方法
680,基金账户开通方法
681,基金账号开通失败原因
682,基金账号开通失败原因
683,基金账号开通失败原因
684,基金赎回资金到账时间
685,基金赎回资金到账时间
686,基金赎回资金到账时间
687,基金申购和赎回的委托能否撤销
688,基金申购和赎回的委托能否撤销
689,基金申购和赎回的委托能否撤销
690,基金申购、定投费率优惠介绍
691,基金申购、定投费率优惠介绍
692,基金申购、定投费率优惠介绍
693,基金交易收费标准（基金买卖收费规则）
694,基金合并分拆能否撤单
695,基金合并分拆能否撤单
696,基金合并分拆能否撤单
697,基金合并分拆能否撤单
698,基金对账单是否可以取消
699,基金对账单是否可以取消
700,基金对账单是否可以取消
701,基金对账单如何修改地址
702,基金对账单如何修改地址
703,基金对账单寄送时限
704,基金对账单寄送时限
705,基金对账单寄送时限
706,基金的风险等级有几类
707,基金的风险等级有几类
708,基金的风险等级有几类
709,个人投资者开通港股通的要求
710,机构投资者开通港股通的要求
711,机构投资者开通港股通的要求
712,创业板的开通方式
713,机构投资者创业板权限开通方法
714,机构投资者创业板权限开通方法
715,换手率含义
716,换手率含义
717,换手率含义
718,换手率含义
719,换手率含义
720,换手率含义
721,换手率含义
722,换手率含义
723,换手率含义
724,B股股票交易价格最小变化单位
725,换手率含义
726,换手率含义
727,换手率含义
728,换手率含义
729,沪港通标的证券和深港通标的证券区别
730,沪港通标的证券和深港通标的证券区别
731,沪港股票交易规则差异
732,沪港股票交易规则差异
733,沪B股票代码是什么
734,何时需要进行离职申请
735,何时需要进行部门变更申请
736,何时需要进行部门变更申请
737,何时需要进行部门变更申请
738,何时收到对账单
739,如何修改电子对账单的邮箱
740,何时收到对账单
741,如何申请补寄纸质对账单
742,理财产品资金到账时间
743,何时收到对账单
744,可以关闭理财产品对账单吗
745,如何查询购买的理财产品
746,何时能收到融资融券的对账单
747,何时可以查询心安增利退出申请状态
748,何时可以查询心安增利退出申请状态
749,管理人是否参与心安增利
750,管理人是否参与心安增利
751,股息差别税未扣除的原因
752,股息差别税未扣除的原因
753,股息差别税未扣除的原因
754,股息差别税计算方法
755,股息差别税计算方法
756,股息差别税何时扣除
757,股息差别税何时扣除
758,股息差别税何时扣除
759,股票已卖出操作，资金未到账的原因
760,股票已卖出操作，资金未到账的原因
761,股票已卖出操作，资金未到账的原因
762,股票已卖出操作，资金未到账的原因
763,股票已买入操作，资金已扣除，但持仓未显示
764,股票已卖出操作，资金未到账的原因
765,股票无法正常委托或委托废单的原因
766,股票无法正常委托或委托废单的原因
767,撤单失败的原因
768,股票无法正常委托或委托废单的原因
769,股票无法正常委托或委托废单的原因
770,股票无法正常委托或委托废单的原因
771,股票无法卖出的原因
772,股票无法卖出的原因
773,股票无法买入的原因
774,股票无法买入的原因
775,股票委托撤单操作方法
776,什么时候可以撤单
777,股票委托撤单操作方法
778,股票停牌时间有多久
779,股票停牌时间有多久
780,股票停牌时间有多久
781,股票停牌时间有多久
782,股票停牌时间有多久
783,股票停牌时间有多久
784,股票停牌时间有多久
785,股票停牌后被调出担保品范围的时间
786,股票停牌后被调出担保品范围的时间
787,股票停牌后被调出担保品范围的时间
788,股票停牌后被调出担保品范围的时间
789,股票停牌后被调出担保品范围的时间
790,港股通交易日是怎样安排的
791,股票交易时间
792,深圳证券交易所停牌规则
793,股票无法正常委托或委托废单的原因
794,股票交易时间
795,股票无法正常委托或委托废单的原因
796,股票交易时间
797,创业板能否隔夜委托
798,B股交易时间
799,股票交易时间
800,股票交易时间
801,股票交易时间
802,股票分红派息的形式
803,股票分红派息的形式
804,股票分红派息的形式
805,股票冻结的原因
806,股票冻结的原因
807,股票冻结的原因
808,购买报价回购失败的原因
809,购买报价回购失败的原因
810,购买报价回购失败的原因
811,公司总机是什么
812,公司总部地址在哪里
813,公司总部地址在哪里
814,公司总部地址在哪里
815,公司总部地址在哪里
816,公司邮箱是什么
817,公司邮箱是什么
818,上海证券微信公众号关注方法
819,公司微信是哪个
820,上海证券微信公众号关注方法
821,公司微信是哪个
822,公司微信是哪个
823,公司官网是什么
824,公司公告在哪里查
825,公司公告在哪里查
826,如何开通港股通
827,个人投资者开通港股通的要求
828,个人投资者交易未满两年能否开通创业板
829,个人投资者交易未满两年能否开通创业板
830,个人投资者交易未满两年能否开通创业板
831,个人投资者交易未满两年能否开通创业板
832,个人投资者创业板开通对年龄要求
833,个人投资者交易未满两年能否开通创业板
834,个人投资者创业板开通对年龄要求
835,个人投资者创业板开通对年龄要求
836,个人投资者创业板的关闭方法
837,个人投资者创业板的关闭方法
838,创业板能否自动开通
839,个人投资者创业板的关闭方法
840,个人投资者创业板的关闭方法
841,个人投资者创业板的关闭方法
842,个人投资者创业板的关闭方法
843,个人投资者创业板的关闭方法
844,个股期权交易软件下载方法
845,个股期权交易软件下载方法
846,隔夜委托时间
847,隔夜委托时间
848,隔夜委托价格
849,隔夜委托价格
850,隔夜委托价格
851,隔夜委托的种类
852,隔夜委托的种类
853,高安路营业部的联系方式
854,港股通资金查询方法
855,港股通资金查询方法
856,什么时候可以撤单
857,港股通委托限制
858,港股通委托限制
859,港股通是否可以零股买卖
860,港股通是否可以零股买卖
861,港股通是否可以零股买卖
862,港股通开通生效时间
863,港股通开通生效时间
864,港股通交易最大手数如何规定
865,港股通交易最大手数如何规定
866,港股通交易最大手数如何规定
867,港股通交易总额度是多少
868,港股通交易总额度是多少
869,港股通交易最大手数如何规定
870,港股通交易时间
871,港股通交易时间
872,港股通交易时间
873,港股通交易时间
874,港股通交易软件下载方法
875,港股通交易软件下载方法
876,港股通交易软件下载方法
877,港股通交易日是怎样安排的
878,港股通交易日是怎样安排的
879,港股通交易时间
880,港股通交易日历查询方法
881,港股通交易软件下载方法
882,港股通交易日历查询方法
883,港股通交易汇率
884,港股通交易汇率
885,港股通交易费用
886,港股通交易废单常见原因
887,港股通交易废单常见原因
888,港股通交易废单常见原因
889,港股通是否可以零股买卖
890,港股通的涨跌幅
891,港股通交易的最小申报单位
892,港股通交易，一手股数是多少
893,港股通交易，一手股数是多少
894,港股通交易，一手股数是多少
895,港股通交易，一手股数是多少
896,港股通交收资金按哪一天的汇率进行结算
897,港股通交收资金按哪一天的汇率进行结算
898,港股通交易汇率
899,港股通汇率查询方法
900,港股通汇率查询方法
901,港股通汇率查询方法
902,港股通供股
903,港股通分红方式
904,港股通分红方式
905,港股通的涨跌幅
906,港股通的涨跌幅
907,港股通的涨跌幅
908,港股通的涨跌幅
909,港股通交易废单常见原因
910,港股通的涨跌幅
911,港股通的涨跌幅
912,港股通的涨跌幅
913,港股通的交易流水查询
914,港股通的交易流水查询
915,港股通的交易流水查询
916,港股通的交易流水查询
917,使用何种货币参与港股通交易
918,港股通交易最大手数如何规定
919,港股通交收资金按哪一天的汇率进行结算
920,港股通交易时间
921,什么是港股通T+0交易
922,港股通标的证券代码和简称
923,港股通标的证券代码和简称
924,港股通标的证券代码和简称
925,港股通标的有什么
926,港股通标的有什么
927,港股通标的有什么
928,港股红利资金派发到账时间
929,封闭式基金交易要求开通的账户
930,封闭式基金账户可以交易的证券品种
931,封闭式基金账户可以交易的证券品种
932,封闭式基金是否可以隔夜委托
933,封闭式基金的交易时间
934,封闭式基金是否可以隔夜委托
935,封闭式基金如何买卖
936,封闭式基金如何买卖
937,封闭式基金如何买卖
938,封闭式基金如何买卖
939,封闭式基金的交收规则
940,封闭式基金如何分红
941,封闭式基金如何分红
942,封闭式基金交易要求开通的账户
943,封闭式基金交易要求开通的账户
944,封闭式基金交易要求开通的账户
945,封闭式基金交易要求开通的账户
946,封闭式基金的交易时间
947,封闭式基金的交易时间
948,封闭式基金的交易费用
949,封闭式基金的交易费用
950,封闭式基金的交收规则
951,封闭式基金的交收规则
952,封闭式基金的代码
953,封闭式基金的代码
954,封闭式基金的代码
955,分级基金业务权限开通条件
956,分级基金业务权限能否在网上开通
957,分级基金业务权限能否在网上开通
958,分级基金的交易方式
959,分级基金业务权限开通条件
960,分级基金业务权限开通条件
961,分级基金业务权限开通条件
962,分级基金业务权限开通条件
963,分级基金下折是否影响母基金
964,分级基金下折是否影响母基金
965,什么是分级基金的下折
966,分级基金三类份额的基金净值是怎样计算的
967,分级基金三类份额的基金净值是怎样计算的
968,分级基金三类份额的基金净值是怎样计算的
969,分级基金三类份额的基金净值是怎样计算的
970,分级基金权限开通后生效时间
971,分级基金权限开通后生效时间
972,分级基金交易使用的账户
973,分级基金交易使用的账户
974,分级基金交易使用的账户
975,分级基金合并、分拆委托时间
976,分级基金合并、分拆委托时间
977,分级基金合并、分拆委托时间
978,分级基金合并、分拆数量限制
979,分级基金合并、分拆数量限制
980,分级基金合并、分拆数量限制
981,分级基金合并、分拆操作流程
982,分级基金合并、分拆操作流程
983,分级基金合并、分拆操作流程
984,分级基金合并、拆分是否收费
985,分级基金合并、拆分是否收费
986,分级基金的三类份额风险收益特征是怎样的
987,分级基金的三类份额风险收益特征是怎样的
988,分级基金的三类份额风险收益特征是怎样的
989,分级基金的三类份额风险收益特征是怎样的
990,分级基金的交易方式
991,分级基金的交易方式
992,分级基金的交易方式
993,分笔成交如何显示成交价格
994,分笔成交如何显示成交价格
995,分笔成交如何显示成交价格
996,对账单数据是什么时候的
997,电子对账单开通流程
998,何时收到对账单
999,电子对账单开通流程
1000,电子对账单开通流程
1001,电子对账单开通流程
1002,电商服务平台有什么作用
1003,电商服务平台有什么作用
1004,电商服务平台如何进行角色授权
1005,电商服务平台如何进行角色授权
1006,电商服务平台如何进行角色授权
1007,电商服务平台的授权原则是什么
1008,电商服务平台的授权原则是什么
1009,电商服务平台的授权原则是什么
1010,电商服务平台的授权原则是什么
1011,电商服务平台的授权原则是什么
1012,电商服务平台的登录账号、密码是什么
1013,电商服务平台的登录账号、密码是什么
1014,电商服务平台的登录网址是什么
1015,电商服务平台的登录网址是什么
1016,电商服务平台的登录网址是什么
1017,电商服务管理平台用户保密承诺书如何签署
1018,电商服务管理平台用户保密承诺书如何签署
1019,登记股东账号是否收费
1020,到哪里可以查询相关创业板的信息
1021,开立融资融券信用账户当天是否能提交担保物
1022,开立融资融券信用账户当天是否能提交担保物
1023,当天开立融资融券信用账户，当天是否可以在账户内做担保物买卖
1024,当日新开立的场外开放式基金账户能否认购或申购基金
1025,当日新开立的场外开放式基金账户能否认购或申购基金
1026,担保证券和担保资金怎么转入融资融券信用账户
1027,担保证券和担保资金怎么转入融资融券信用账户
1028,担保证券和担保资金怎么转入融资融券信用账户
1029,担保品划转时间
1030,担保品划转时间
1031,担保品划转操作
1032,担保品划转操作
1033,担保品划转时间
1034,担保品划转时间
1035,担保品划转时间
1036,担保品划转后成本价为什么与原先的不一致
1037,转出担保物的条件
1038,担保品划转后成本价为什么与原先的不一致
1039,担保品划转后成本价为什么与原先的不一致
1040,担保品划转后成本价为什么与原先的不一致
1041,担保品划转后成本价为什么与原先的不一致
1042,担保品划转后成本价为什么与原先的不一致
1043,担保品划转费用
1044,担保品划转费用
1045,担保品划转费用
1046,担保品划转费用
1047,担保品划转费用
1048,担保品划转费用
1049,转出担保物的条件
1050,转出担保物的条件
1051,担保品划转到账的时间
1052,担保品划转到账的时间
1053,担保品划转费用
1054,担保品划转到账的时间
1055,担保品划转到账的时间
1056,担保品划转到账的时间
1057,担保品划转到账的时间
1058,担保品划转到账的时间
1059,担保品划转到账的时间
1060,担保品划转到账的时间
1061,担保品划转到账的时间
1062,担保品划转到账的时间
1063,担保品划转到账的时间
1064,担保品划转操作
1065,担保品划转操作
1066,大统路营业部的联系方式
1067,大连民主广场（原同兴街）营业部的联系方式
1068,创业板转签是否收费
1069,创业板转签如何办理
1070,创业板转签是否收费
1071,创业板转签如何办理
1072,创业板转签如何办理
1073,创业板转签如何办理
1074,创业板转签如何办理
1075,创业板转签如何办理
1076,开户成功当天能否办理创业板转签
1077,开户成功当天能否办理创业板转签
1078,什么叫“转签”
1079,创业板转签如何办理
1080,创业板转签成功后是否有通知
1081,创业板转签成功后是否有通知
1082,创业板转签成功后是否有通知
1083,创业板转签成功后是否有通知
1084,创业板转签成功后生效时间
1085,创业板转签成功后生效时间
1086,创业板转签办理时间
1087,创业板转签成功后生效时间
1088,创业板转签成功后生效时间
1089,创业板转签不成功的原因
1090,创业板转签不成功的原因
1091,创业板转签不成功的原因
1092,创业板转签不成功的原因
1093,创业板转签不成功的原因
1094,创业板转签不成功的原因
1095,创业板转签办理时间
1096,创业板转签办理时间
1097,创业板转签办理时间
1098,创业板与主板在退市制度方面的区别
1099,创业板与主板在退市制度方面的区别
1100,创业板与主板在退市制度方面的区别
1101,创业板相关业务风险
1102,创业板相关业务风险
1103,创业板相关业务风险
1104,创业板相关业务风险
1105,创业板相关业务风险
1106,创业板相关业务风险
1107,创业板相关业务风险
1108,创业板相关业务风险
1109,创业板相关业务风险
1110,创业板属于什么市场股票
1111,创业板的开通方式
1112,创业板属于什么市场股票
1113,创业板属于什么市场股票
1114,创业板首次开通是否收费
1115,创业板首次开通是否收费
1116,创业板首次开通如何办理
1117,创业板首次开通如何办理
1118,创业板首次开通如何办理
1119,创业板的开通方式
1120,创业板首次开通成功后是否有通知
1121,创业板能否自动开通
1122,创业板首次开通成功后是否有通知
1123,创业板首次开通办理时间
1124,创业板首次开通办理时间
1125,创业板首次开通办理时间
1126,创业板如何交易
1127,创业板如何交易
1128,我国创业板市场与主板市场在上市条件方面的差异
1129,创业板权限能否在多个券商开通
1130,创业板交易权限能否网上开通
1131,创业板权限能否在多个券商开通
1132,创业板权限能否在多个券商开通
1133,创业板能否自动开通
1134,创业板能否自动开通
1135,创业板能否自动开通
1136,创业板能否隔夜委托
1137,创业板能否隔夜委托
1138,创业板能否隔夜委托
1139,创业板交易是否收取过户费
1140,创业板交易是否收取过户费
1141,创业板交易是否收取过户费
1142,创业板交易是否收取过户费
1143,创业板交易是否收取过户费
1144,创业板交易是否收取过户费
1145,创业板交易是否收取过户费
1146,创业板交易是否收取过户费
1147,创业板能否自动开通
1148,创业板交易权限首次开通生效时间
1149,创业板交易权限是否开通的查询方法
1150,创业板交易权限是否开通的查询方法
1151,创业板交易权限能否网上开通
1152,创业板交易权限能否网上开通
1153,创业板交易权限能否网上开通
1154,创业板交易费用
1155,创业板交易费用
1156,创业板交易费用
1157,创业板交易费用
1158,创业板交易费用
1159,创业板交易费用
1160,创业板交易费用
1161,创业板交易费用
1162,创业板股票能否办理转托管
1163,创业板股票能否办理转托管
1164,创业板股票能否办理转托管
1165,创业板属于什么市场股票
1166,创业板股票的交易代码
1167,创业板股票的交易代码
1168,创业板股票的交易代码
1169,创业板股票的交易代码
1170,创业板股票的交易代码
1171,创业板如何交易
1172,创业板股票的交易代码
1173,创业板交易权限能否网上开通
1174,创业板的开通方式
1175,创业板的开通方式
1176,创业板首次开通办理时间
1177,个人投资者交易未满两年能否开通创业板
1178,创业板的开通方式
1179,创业板的开通方式
1180,创业板的交易时间
1181,处于认购期的基金能否转托管
1182,处于认购期的基金能否转托管
1183,处于认购期的基金能否转托管
1184,除权除息后股价计算方法
1185,除权、除息日卖出股票，是否仍享有分红
1186,除权、除息日卖出股票，是否仍享有分红
1187,除权、除息日卖出股票，是否仍享有分红
1188,集合竞价时间是否能够撤单
1189,撤单失败的原因
1190,撤单失败的原因
1191,操作快速取现当天是否能设置资金保留额度
1192,操作快速取现当天是否能设置资金保留额度
1193,参与现金添利后如何操作取款
1194,参与现金添利后如何操作取款
1195,参与现金添利后如何操作取款
1196,参与现金添利的时间安排
1197,参与现金添利的时间安排
1198,参与现金添利的时间安排
1199,参与君系列产品的时间安排
1200,参与君系列产品的时间安排
1201,参与君系列产品的时间安排
1202,参与报价回购单笔交易资金限额
1203,参与报价回购单笔交易资金限额
1204,参与报价回购单笔交易资金限额
1205,部门负责人如何申请部门变更
1206,何时需要进行部门变更申请
1207,营业部权限如何申请
1208,部门变更申请的操作步骤
1209,不得开立A股账户的情况
1210,不得开立A股账户的情况
1211,不得开立A股账户的情况
1212,不得开立A股账户的情况
1213,融资融券账户什么情况下投资者需要补仓，补仓额应该如何计算
1214,补充担保物应维持的比例是多少
1215,补充担保物应维持的比例是多少
1216,补充担保物应维持的比例是多少
1217,补充担保物是否有期限要求
1218,补充担保物是否有期限要求
1219,补充担保物是否有期限要求
1220,补充担保物是否有期限要求
1221,北京万寿路营业部的联系方式
1222,北京和平里北街营业部的联系方式
1223,北京朝阳弘燕路营业部的联系方式
1224,报价回购的费用
1225,报价回购是否能撤单
1226,报价回购怎么退出
1227,购买报价回购失败的原因
1228,报价回购是否能撤单
1229,报价回购是否能撤单
1230,报价回购是否能撤单
1231,报价回购如何开通
1232,报价回购如何开通
1233,报价回购哪里操作
1234,报价回购哪里操作
1235,报价回购哪里操作
1236,报价回购利息怎么算
1237,报价回购利息怎么算
1238,报价回购利息怎么算
1239,报价回购开通生效时间
1240,报价回购开通生效时间
1241,报价回购节假日有利息吗
1242,报价回购节假日有利息吗
1243,报价回购节假日有利息吗
1244,报价回购节假日有利息吗
1245,报价回购的品种
1246,报价回购的品种
1247,什么是报价回购
1248,报价回购的费用
1249,报价回购的费用
1250,报价回购的费用
1251,报价回购的费用
1252,报价回购到期后怎么办
1253,报价回购怎么退出
1254,报价回购到期后怎么办
1255,报价回购操作时间
1256,报价回购操作时间
1257,报价回购操作时间
1258,报价回购操作时间
1259,堡镇营业部的联系方式
1260,保证金可用余额由哪些部分组成
1261,保证金可用余额由哪些部分组成
1262,保证金可用余额由哪些部分组成
1263,保证金可用余额由哪些部分组成
1264,保证金可用余额由哪些部分组成
1265,保证金可用余额的计算公式
1266,保证金可用余额的计算公式
1267,保证金可用余额的计算公式
1268,保证金可用余额的计算公式
1269,保证金可用余额的计算公式
1270,保留设置后资金何时到账
1271,保留设置后资金何时到账
1272,现金添利保留额度
1273,保留额度设置后是否参与现金添利
1274,H5推荐开户查询菜单可以查询哪些内容
1275,H5开户信息查询菜单可以查询哪些内容
1276,B股账户开立后何时可以使用
1277,B股账户开立后何时可以使用
1278,B股账户开立后何时可以使用
1279,B股账户开户费用
1280,B股账户开户费用
1281,B股交易时间
1282,B股交易时间
1283,上海证券电话委托流程
1284,B股交易费用
1285,A股交易币种
1286,A股交易币种
1287,B股交收规则
1288,B股红利是否需要扣税
1289,B股红利是否需要扣税
1290,B股红利是否需要扣税
1291,B股红利、红股到账时间
1292,B股红利、红股到账时间
1293,A股红利、红股到账时间
1294,B股股权登记日
1295,"B股的""股权登记日""与""最后交易日""的区别"
1296,A股股票成本价与成交价的区别
1297,B股股票交易价格最小变化单位
1298,B股股票的交易单位是什么
1299,B股股票的成交原则是什么
1300,B股的涨跌幅限制
1301,B股的涨跌幅限制
1302,B股的涨跌幅限制
1303,B股的交易品种有哪些
1304,B股的交易品种有哪些
1305,"B股的""股权登记日""与""最后交易日""的区别"
1306,"B股的""股权登记日""与""最后交易日""的区别"
1307,B股除权除息日
1308,A股清算时间
1309,股票交易时间
1310,A股清算时间
1311,A股清算时间
1312,A股每股收益含义
1313,A股每股收益含义
1314,A股每股净资产含义
1315,A股每股净资产含义
1316,A股每股净资产含义
1317,A股每股净资产含义
1318,A股每股净资产含义
1319,A股竞价交易单笔申报最大数量
1320,B股股票的交易单位是什么
1321,B股交易费用
1322,B股交易费用
1323,B股股票交易价格最小变化单位
1324,A股交易的计价单位
1325,A股交易的计价单位
1326,B股交易币种
1327,A股交易币种
1328,B股红利、红股到账时间
1329,A股红利、红股到账时间
1330,A股红利、红股到账时间
1331,A股红利、红股到账时间
1332,A股红利、红股到账时间
1333,A股红利、红股到账时间
1334,A股红利、红股到账时间
1335,B股交收规则
1336,B股交收规则
1337,B股交易时间
1338,B股股权登记日
1339,A股股票分红后价格下跌的原因
1340,除权除息后股价计算方法
1341,A股股票分红后价格下跌的原因
1342,A股股票分红后价格下跌的原因
1343,A股股票分红后价格下跌的原因
1344,A股股票分红后价格下跌的原因
1345,A股股票分红后价格下跌的原因
1346,A股股票分红后价格下跌的原因
1347,A股股票分红方案如何查询
1348,A股股票分红方案如何查询
1349,A股股票分红方案如何查询
1350,股票分红派息的形式
1351,A股股票分红的领取方法
1352,A股股票分红的领取方法
1353,A股股票分红的领取方法
1354,B股红利、红股到账时间
1355,A股股票分红的领取方法
1356,A股股票分红的领取方法
1357,A股股票成本价与成交价的区别
1358,A股股票成本价与成交价的区别
1359,A股股票成本价与成交价的区别
1360,A股股票成本价与成交价的区别
1361,A股股票成本价与成交价的区别
1362,A股股票成本价与成交价的区别
1363,A股股票成本价为买入均价时的股票盈亏计算
1364,A股股票成本价为买入均价的计算方法
1365,A股股票成本价为买入均价的计算方法
1366,A股股票成本价为买入均价的计算方法
1367,A股股票成本价为买入均价的计算方法
1368,A股股票成本价为买入均价的计算方法
1369,A股股票成本价为买入均价的计算方法
1370,A股股票成本价为持仓成本时的股票盈亏计算
1371,A股股票成本价为持仓成本时的股票盈亏计算
1372,A股股票成本价为持仓成本的计算方法
1373,A股股票成本价为持仓成本的计算方法
1374,A股股票成本价为持仓成本的计算方法
1375,A股股票成本价为保本价的计算方法
1376,A股股票成本价为保本价的计算方法
1377,A股股票成本价为保本价时的股票盈亏计算
1378,A股股票成本价为保本价的计算方法
1379,A股股票成本价为保本价的计算方法
1380,A股股票成本价的计算方法
1381,A股股票成本价的计算方法
1382,B股账户开立后何时可以使用
1383,A股股东账户新开或登记后何时可以使用
1384,A股股东账户新开或登记后何时可以使用
1385,A股分红的转增和送股的区别
1386,A股分红的转增和送股的区别
1387,A股分红的转增和送股的区别
1388,A股分红的转增和送股的区别
1389,A股分红的转增和送股的区别
1390,A股分红的转增和送股的区别
1391,A股的交收规则
1392,B股交易币种
1393,港股通的交收
1394,A股报价方式
1395,APP菜单可以查询哪些内容
1396,APP菜单可以查询哪些内容
1397,重庆南城大道营业部的联系方式
1398,纸质对账单开通流程
1399,营业部开户绑定统计客户明细情况如何查询
1400,我想交易B股
1401,什么是最优五档即时成交剩余撤销申报
1402,什么是心安增利
1403,什么是现金添利
1404,什么是君系列产品
1405,什么是对手方最优价格申报
1406,什么是登记股东账号
1407,什么是报价回购
1408,什么是保证金可用余额
1409,深圳南山后海大道营业部的联系方式
1410,深圳南山大道营业部的联系方式
1411,深圳福虹路营业部的联系方式
1412,莘庄营业部的联系方式
1413,莘砖公路营业部的联系方式
1414,绍兴新昌人民西路营业部的联系方式
1415,开户绑定统计菜单中明细菜单可以筛选哪些内容进行查询
1416,开户绑定统计菜单中明细菜单可以查询哪些内容
1417,开户绑定统计菜单中汇总界面的开户绑定数是什么意思
1418,开户绑定统计菜单中汇总菜单可以筛选哪些内容进行查询
1419,开户绑定统计菜单中汇总菜单可以查询哪些内容
1420,H5推荐开户查询菜单可以筛选哪些内容进行查询
1421,H5开户信息查询菜单可以查询哪些内容
1422,"B股进行分红时，""最后交易日""是什么意思"
