#,query,label
1,哪个号码是重庆南城大道营业厅的,重庆南城大道营业部的联系方式
2,纸质对账单可否通过电话开通,纸质对账单开通流程
3,运营总监可以使用什么权限,运营总监权限包括哪些权限
4,作为运营总监，权限应该挺多的吧,运营总监权限包括哪些权限
5,运营总监有没有本事查到股民的开户信息,运营总监权限包括哪些权限
6,我想查我办过的所有业务找运营总监有没有用,运营总监权限包括哪些权限
7,预约信息查询菜单可以用哪些条件进行筛选,预约信息查询菜单可以筛选查询哪些内容
8,预约信息查询菜单的筛选条件有哪些,预约信息查询菜单可以筛选查询哪些内容
9,预约信息查询菜单能查我的预约编号吗,预约信息查询菜单可以查询哪些内容
10,预约信息查询菜单可以查询经纪人叫什么吗,预约信息查询菜单可以查询哪些内容
11,我能在手机应用商城找到玉如翼下下来吗,玉如翼手机交易软件下载方法
12,玉如翼iPhone版怎么下载,玉如翼手机交易软件下载方法
13,上哪个网站可以把玉如翼下到手机上,玉如翼手机交易软件下载方法
14,营业厅权限申请要走的流程都要哪些,营业部权限申请的操作步骤
15,取得营业部权限的流程,营业部权限申请的操作步骤
16,怎么申请营业部的权限,营业部权限如何申请
17,营业部的角色分配是如何进行的,营业部权限如何申请
18,上海证券怎么统计开户绑定客户明细情况,营业部开户绑定统计客户明细情况如何查询
19,上海证券怎么统计开户绑定客户汇总情况,营业部开户绑定统计客户汇总情况如何查询
20,营业部开户绑定人数可以在哪里进行查询,营业部开户绑定统计客户汇总情况如何查询
21,营业厅经理都是怎么进行审批的,营业部经理审批的操作步骤
22,营业部经理如何进行审批,营业部经理审批的操作步骤
23,营业部几点就下班了,营业部办公时间
24,营业厅的工作时间很短吗,营业部办公时间
25,参与心安增利缴费是怎么规定的,心安增利收费规则
26,在心安增利交易要收取哪些费用,心安增利收费规则
27,心安增利的缴费规定,心安增利收费规则
28,心安增利收费标准是什么,心安增利收费规则
29,我想看下申请心安增利的进度,心安增利参与申请查询
30,申请参与心安增利的结果在哪里查,心安增利参与申请查询
31,现金添利退出金额包不包含当期收益,现金添利退出金额的计算方法
32,不参与现金添利之后会退给我多少钱,现金添利退出金额的计算方法
33,现金添利退出会给我退多少钱,现金添利退出金额的计算方法
34,退出现金添利之后实际拿到的钱是怎么算的,现金添利退出金额的计算方法
35,想要开始交易B股要怎么办,我想交易B股
36,补寄电子账单不成功,为什么不让我申请补寄电子对账单
37,为啥不能申请之前的电子账单,为什么不让我申请补寄电子对账单
38,微信菜单都能查什么信息,微信菜单能够查询哪些内容
39,公众号的菜单上都有些什么,微信菜单能够查询哪些内容
40,什么是网络投票,网络投票的含义
41,为什么要进行网络投票,网络投票的含义
42,那些权限市场总监都有,市场总监权限包括哪些权限
43,市场总监权限都包括什么,市场总监权限包括哪些权限
44,最优五档即时成交剩余转限价申报价格是怎样的,什么是最优五档即时成交剩余转限价申报
45,最优五档即时成交剩余转限价申报怎么成交,什么是最优五档即时成交剩余转限价申报
46,最优五档即时成交剩余撤销申报怎么撤销,什么是最优五档即时成交剩余撤销申报
47,转增股票是指送给我的股票吗,什么是转增股票
48,那种股票叫做转增股票,什么是转增股票
49,是怎么限制涨幅的,什么是涨跌幅限制
50,股票涨幅最多达到多少,什么是涨跌幅限制
51,涨幅限制是多少,什么是涨跌幅限制
52,股票价格的涨跌幅有限制么,什么是涨跌幅限制
53,股价涨停板是涨了多少,什么是涨(跌)停板
54,跌停板是什么情况,什么是涨(跌)停板
55,心安增利是一种怎样的投资产品,什么是心安增利
56,限价委托是怎么回事,什么是限价委托
57,限价委托是啥意思,什么是限价委托
58,现金添利是一款理财产品吗,什么是现金添利
59,股票交易中的停牌说的是什么,什么是停牌
60,股票暂停交易是不是就是停牌了,什么是停牌
61,特征码绑定未指定的电脑不能登录吗,什么是特征码绑定
62,开通特征码绑定后如何登录,什么是特征码绑定
63,收盘价用什么方式产生,什么是收盘价
64,当日无成交的，收盘价是前一天的收盘价吗,什么是收盘价
65,市价委托的成交规则,什么是市价委托
66,市价委托按什么价格成交,什么是市价委托
67,股票成交时间的先后顺序,什么是时间优先原则
68,买股票时间优先是先申报的先成交吗,什么是时间优先原则
69,融券保证金比例是保证金比去融券卖出证券数量吗,什么是融券保证金比例
70,融券的保证金是怎么算出来的,什么是融券保证金比例
71,融券保证金比例是保证金比去融资买入证券数量吗,什么是融券保证金比例
72,我融券卖出时交付的保证金与融券交易金额的比例怎么个算法,什么是融券保证金比例
73,零股是多少股,什么是零股
74,为什么会产生零股,什么是零股
75,连续竞价的竞价方式是怎样的,什么是连续竞价
76,连续竞价是采用什么方式竞价,什么是连续竞价
77,开市后一直没成交，开盘价怎么看,什么是开盘价
78,股票第二天的开盘价是前一天的收盘价吗,什么是开盘价
79,你知道君系列产品吗,什么是君系列产品
80,"股票的成交时买入价高于卖出价,成交价按买入价还是按卖出价呢",什么是价格优先原则
81,价格优先是价高的先成交吗,什么是价格优先原则
82,集合竞价是什么竞价方式,什么是集合竞价
83,集合竞价是怎么样申报的,什么是集合竞价
84,除权除息日日期是怎么界定的,什么是基金除息日
85,除权除息日是哪天,什么是基金除息日
86,基金除息日是干什么的,什么是基金除息日
87,股息差别税的先进先出原则是什么意思,什么是股息差别税的先进先出原则
88,怎么理解股息差别税的先进先出,什么是股息差别税的先进先出原则
89,什么叫先进先出,什么是股息差别税的先进先出原则
90,分级基金和普通基金的区别在哪里,什么是分级基金
91,分级基金是一个什么样的基金,什么是分级基金
92,对手方最优价格申报是什么价格成交的,什么是对手方最优价格申报
93,在其他券商开过股东账号怎么登记到你们这里,什么是登记股东账号
94,报价回购业务是什么,什么是报价回购
95,保证金可用余额具体是干嘛的,什么是保证金可用余额
96,T+1交收的股票能当天就卖了吗,什么是T+1交收制度
97,T+1交收要注意什么,什么是T+1交收制度
98,能具体解释下什么叫做A股吗,什么是A股
99,A股是一支怎么样的股票,什么是A股
100,封转开是什么意思,什么是“封转开”
101,封闭式基金转开放式基金是什么,什么是“封转开”
102,转签是不是和创业板有关的业务,什么叫“转签”
103,能解释下转签是怎么回事吗,什么叫“转签”
104,我不太懂转签的意思,什么叫“转签”
105,转签是什么操作啊,什么叫“转签”
106,深圳南山后海大道营业部的门牌号是多少,深圳南山后海大道营业部的联系方式
107,深圳南山大道营业部具体在哪条路上,深圳南山大道营业部的联系方式
108,我没找到深圳福虹路营业部,深圳福虹路营业部的联系方式
109,深B股票代码是多少,深B股票代码是什么
110,以几开头的是深B股票,深B股票代码是什么
111,莘庄营业部是在莘西路上的几号,莘庄营业部的联系方式
112,莘砖公路营业部的具体地址是,莘砖公路营业部的联系方式
113,查下绍兴新昌人民西路营业部的电话号码是多少,绍兴新昌人民西路营业部的联系方式
114,你们的微信公众号不用收费的吧,上海证券微信公众号/订阅号是否收费
115,上海证券微信公众号是怎么收费的,上海证券微信公众号/订阅号是否收费
116,上海证券微信订阅号要钱吗,上海证券微信公众号/订阅号是否收费
117,微信公众号上面的都是不要钱的吗,上海证券微信公众号/订阅号是否收费
118,我手机上用的指e通要收我钱吗,上海证券交易软件是否收费
119,你们提供的交易软件都是不扣钱的吧,上海证券交易软件是否收费
120,安装客户端收费吗,上海证券交易软件是否收费
121,要是通过上海证券的电话进行委托，那应该挺简单的吧,上海证券电话委托流程
122,上海证券电话委托要走的流程会很多吗,上海证券电话委托流程
123,这三板B股是按t+1的原则进行交易的吗,三板B股交收规则
124,交易三板B股的要遵守的规定,三板B股交收规则
125,三板B股交易有什么规定,三板B股交收规则
126,三板b股的也是按照当日买入次日卖出的原则来的吗,三板B股交收规则
127,融资融券对账单邮箱要怎么换,如何修改融资融券对账单的邮箱
128,我想把融资融券对账单接收的邮箱地址换成别的,如何修改融资融券对账单的邮箱
129,融资融券对账单的邮箱要怎么改啊,如何修改融资融券对账单的邮箱
130,融资融券对账单的邮箱要改下,如何修改融资融券对账单的邮箱
131,纸的对账单我没有收到能不能给我再寄一份,如何申请补寄纸质对账单
132,我要你们再寄给我纸质账单,如何申请补寄纸质对账单
133,你们公司有补寄纸质对账单的业务吗,如何申请补寄纸质对账单
134,这个月没有收到纸质的对账单怎么才能重新寄,如何申请补寄纸质对账单
135,收纸质账单不太方便，想取消,如何取消纸质对账单
136,纸质账单特别不方便还不安全我不想要了,如何取消纸质对账单
137,打客服电话能帮忙取消纸质对账单吗,如何取消纸质对账单
138,不要再寄纸质账单给我了,如何取消纸质对账单
139,怎么在B股开户,如何开通B股
140,我想要B股的交易权限应该怎么做,如何开通B股
141,B股要怎么开通啊,如何开通B股
142,开通B股账户要进行什么操作,如何开通B股
143,怎么看我的转增股是不是到账了,如何查询转增股是否到账
144,怎么在我的软件上查询转增股的情况,如何查询转增股是否到账
145,转增股有没有到账要怎么查啊,如何查询转增股是否到账
146,转增股有没有到账需要去营业厅查吗,如何查询转增股是否到账
147,现金添利的具体信息要上哪去查啊,如何查询现金添利详细信息
148,什么地方能查到有多少的现金添利,如何查询现金添利详细信息
149,现金添利的交易情况要怎么查啊,如何查询现金添利详细信息
150,官网上能查现金添利明细吗,如何查询现金添利详细信息
151,我这个账户的网点号在哪里查,如何查询开户客户的网点号
152,我能自己查到自己的网点号吗,如何查询开户客户的网点号
153,在哪里能看到君系列产品的具体明细,如何查询君系列产品明细
154,君系列产品怎么查详细的情况,如何查询君系列产品明细
155,君系列产品的详细情况在哪里有,如何查询君系列产品明细
156,要怎么查股票的红利有没有到账,如何查询股票红利是否到账
157,股票红利有没有到账要在哪里查啊,如何查询股票红利是否到账
158,怎么查我的股票红利发给我了没,如何查询股票红利是否到账
159,股票红利的到账情况要怎么看啊,如何查询股票红利是否到账
160,在哪里能看到我购买的理财产品,如何查询购买的理财产品
161,我想看看我买的理财产品有哪些要怎么办,如何查询购买的理财产品
162,营业厅可以查询我的理财产品数量吗,如何查询购买的理财产品
163,怎么查我买了什么理财产品,如何查询购买的理财产品
164,融资融券的对账单是怎么开通的,融资融券对账单如何开通
165,融资融券对账单要上哪去开通啊,融资融券对账单如何开通
166,参加了融资融券电子账单会自动发给我吗,融资融券对账单如何开通
167,需要我确认才能开通融资融券的账单吗,融资融券对账单如何开通
168,上海临平路营业部的服务电话是多少,临平路营业部的联系方式
169,上海临平路营业部在哪里,临平路营业部的联系方式
170,乐清旭阳路营业部的服务电话是多少啊,乐清旭阳路营业部的联系方式
171,我家在乐清旭阳路附近的营业厅怎么走,乐清旭阳路营业部的联系方式
172,乐清柳市的营业部在哪里,乐清柳市营业部的联系方式
173,打车去乐清柳市的营业部，怎么给司机师傅说具体地址,乐清柳市营业部的联系方式
174,怎么联系乐清虹桥营业部,乐清虹桥营业部的联系方式
175,虹桥营业部要去的话怎么走,乐清虹桥营业部的联系方式
176,怎么联系乐都营业部,乐都(原茸城)营业部的联系方式
177,乐都营业部的投资客户经理怎么联系,乐都(原茸城)营业部的联系方式
178,现金添利的统计菜单的明细要怎么查啊,开通现金添利统计菜单中明细菜单如何操作查询
179,现金添利统计菜单的明细是从哪里点进去的,开通现金添利统计菜单中明细菜单如何操作查询
180,我想看一下现金添利统计菜单的明细,开通现金添利统计菜单中明细菜单如何操作查询
181,现金添利的明细菜单能根据客户号来进行筛选查找吗,开通现金添利统计菜单中明细菜单可以筛选哪些内容进行查询
182,开的现金添利的明细菜单的筛选条件有很多吧,开通现金添利统计菜单中明细菜单可以筛选哪些内容进行查询
183,现金添利统计菜单中明细菜单开通后能查我的证件号吗,开通现金添利统计菜单中明细菜单可以查询哪些内容
184,我的客户号可能在现金添利统计菜单的明细菜单中查到吗,开通现金添利统计菜单中明细菜单可以查询哪些内容
185,开通现金添利统计菜单中汇总菜单的数据怎么导出,开通现金添利统计菜单中汇总菜单如何操作查询
186,这现金添利统计菜单的汇总菜单查询要走的流程都有哪些,开通现金添利统计菜单中汇总菜单如何操作查询
187,开通现金添利的统计菜单中汇总菜单后可以用哪些条件进行筛选,开通现金添利统计菜单中汇总菜单可以筛选哪些内容进行查询
188,现金添利统计汇总菜单能不能汇总最近几个月的内容,开通现金添利统计菜单中汇总菜单可以筛选哪些内容进行查询
189,我开通现金添利统计菜单的汇总菜单，可根据什么来快速筛选出需要的东西,开通现金添利统计菜单中汇总菜单可以筛选哪些内容进行查询
190,开的现金添利菜单汇总菜单能在里面查到所有要查的东西吗,开通现金添利统计菜单中汇总菜单可以查询哪些内容
191,我能在现金添利统计菜单的汇总菜单查到我开通现金添利的数量吗,开通现金添利统计菜单中汇总菜单可以查询哪些内容
192,开户绑定的明细菜单可根据什么条件来进行筛选查找,开户绑定统计菜单中明细菜单可以筛选哪些内容进行查询
193,营业部编码也能够在开户绑定统计菜单的明细菜单查到,开户绑定统计菜单中明细菜单可以查询哪些内容
194,我看到开户绑定统计菜单中的汇总界面有个开户数，是说有多少人开户了吗,开户绑定统计菜单中汇总界面的开户数是什么意思
195,开户统计汇总界面的开户数是怎么来的,开户绑定统计菜单中汇总界面的开户数是什么意思
196,开户的那个汇总界面上显示的开户数是指什么,开户绑定统计菜单中汇总界面的开户数是什么意思
197,开户统计的那个菜单上的开户数是指什么数据,开户绑定统计菜单中汇总界面的开户数是什么意思
198,开户绑定统计菜单汇总界面的开户绑定数是指开户后绑定的人数吗,开户绑定统计菜单中汇总界面的开户绑定数是什么意思
199,在开户绑定统计菜单的汇总界面的绑定数是用来统计多少人绑定了吗,开户绑定统计菜单中汇总界面的绑定数是什么意思
200,开户绑定统计菜单的汇总界面的绑定数有啥意义吗,开户绑定统计菜单中汇总界面的绑定数是什么意思
201,开户绑定的汇总菜单中有个？，是用来干嘛的,开户绑定统计菜单中汇总界面操作栏里的？有什么作用
202,开户绑定菜单栏里面的问号有什么功能,开户绑定统计菜单中汇总界面操作栏里的？有什么作用
203,开户绑定统计里的问号是干什么的,开户绑定统计菜单中汇总界面操作栏里的？有什么作用
204,不知道这开户绑定统计菜单的汇总页面能根据我的开户时间来筛选,开户绑定统计菜单中汇总菜单可以筛选哪些内容进行查询
205,开户绑定统计菜单的汇总页面能看到有多少人开户绑定了吧,开户绑定统计菜单中汇总菜单可以查询哪些内容
206,九亭网点的联系方式给我一下,九亭营业部的联系方式
207,你有没有九亭营业部的电话号码啊,九亭营业部的联系方式
208,金山网点的联系方式给我一下,金山营业部的联系方式
209,你有没有金山营业部的电话号码啊,金山营业部的联系方式
210,应该怎么联系金华义乌稠州北路营业部,金华义乌稠州北路营业部的联系方式
211,你有没有金华义乌稠州北路营业部的电话号码啊,金华义乌稠州北路营业部的联系方式
212,离职申请是在什么情况下提出的,何时需要进行离职申请
213,在哪个地方进行离职申请啊,何时需要进行离职申请
214,在什么时候需要提出离职申请,何时需要进行离职申请
215,融资融券对账单几号发给我,何时能收到融资融券的对账单
216,你们什么时候发融资融券对账单呢,何时能收到融资融券的对账单
217,不知道融资融券对账单每月几号能收到,何时能收到融资融券的对账单
218,股息差别税是按照什么公式算的呢,股息差别税计算方法
219,股息差别税是怎么算的,股息差别税计算方法
220,不知道怎么算股息差别税啊,股息差别税计算方法
221,我想知道股息差别税是怎么得出来的,股息差别税计算方法
222,我要查一下公司官网,公司官网是什么
223,公司链接,公司官网是什么
224,公司的官网网址是多少,公司官网是什么
225,给我公司的网址,公司官网是什么
226,麻烦把高安路营业厅的服务热线给我,高安路营业部的联系方式
227,有没有高安路网点的联络电话,高安路营业部的联系方式
228,港股通里说的那个供股是指什么呢,港股通供股
229,港股通供股是什么意思啊,港股通供股
230,港股通的那个供股是什么啊,港股通供股
231,你有没有定西路营业部的电话号码啊,定西路营业部的联系方式
232,定西路网点的联系方式给我一下,定西路营业部的联系方式
233,你有没有大统路营业部的电话号码啊,大统路营业部的联系方式
234,大统路网点的联系方式给我一下,大统路营业部的联系方式
235,你有没有大连民主广场营业部的电话号码啊,大连民主广场（原同兴街）营业部的联系方式
236,应该怎么联系大连民主广场营业部,大连民主广场（原同兴街）营业部的联系方式
237,在除权除息之后要怎么算股价啊,除权除息后股价计算方法
238,有没有股票的除息参考价格,除权除息后股价计算方法
239,除权除息后股价应该怎么算啊,除权除息后股价计算方法
240,除权除息之后是按照什么公式来算股票价格的,除权除息后股价计算方法
241,应该怎么联系北京万寿路营业部,北京万寿路营业部的联系方式
242,北京万寿路网点的联系方式给我一下,北京万寿路营业部的联系方式
243,北京和平里北街网点的联系方式给我一下,北京和平里北街营业部的联系方式
244,你有没有北京和平里北街营业部的电话号码啊,北京和平里北街营业部的联系方式
245,你有没有北京朝阳弘燕路营业部的电话号码啊,北京朝阳弘燕路营业部的联系方式
246,北京朝阳弘燕路网点的联系方式给我一下,北京朝阳弘燕路营业部的联系方式
247,堡镇的网点联系电话是多少,堡镇营业部的联系方式
248,我应该怎么和堡镇取得联系呢,堡镇营业部的联系方式
249,h5推荐开户是怎么查找信息的,H5推荐开户查询如何操作
250,h5推荐开户查询能导出表格吗,H5推荐开户查询如何操作
251,h5推荐开户查询菜单能精确搜索到哪些客户信息啊,H5推荐开户查询菜单可以筛选哪些内容进行查询
252,h5推荐开户查询菜单能看到总资产吗,H5推荐开户查询菜单可以查询哪些内容
253,h5推荐开户查询菜单能搜索哪些客户信息啊,H5推荐开户查询菜单可以查询哪些内容
254,h5开户信息查询能导出表格吗,H5开户信息查询如何操作
255,h5开户信息是怎么查找信息的,H5开户信息查询如何操作
256,h5开户信息查询菜单能精确搜索到开户渠道不,H5开户信息查询菜单可以筛选哪些内容进行查询
257,h5开户信息查询菜单栏能筛选哪些内容啊,H5开户信息查询菜单可以筛选哪些内容进行查询
258,h5开户信息查询菜单中能看到我账户的哪些信息呢,H5开户信息查询菜单可以查询哪些内容
259,不知道H5开户菜单支持查询什么信息啊,H5开户菜单能够查询哪些内容
260,H5开户菜单能看到预约信息吗,H5开户菜单能够查询哪些内容
261,H5开户那个选项里都能办理哪些业务,H5开户菜单能够查询哪些内容
262,不知道B股的最后交易日是什么意思,"B股进行分红时，""最后交易日""是什么意思"
263,我今天买的B股哪天能卖出去,B股交收规则
264,介绍下B股交收的原则吧,B股交收规则
265,今天申购的B股什么时候能卖出,B股交收规则
266,B股的交收规则是怎么样的,B股交收规则
267,担保品划转的钱几天能到账啊,担保品划转到账的时间
268,担保证券提取要过多少天才能到账啊,担保品划转到账的时间
269,什么时候担保现金提取到账,担保品划转到账的时间
270,哪天担保划转才能到账,担保品划转到账的时间
271,什么是b股的换手率,换手率含义
272,换手率快速表示了什么,换手率含义
273,a股换手率快速表示了什么,换手率含义
274,股票换手率的介绍,换手率含义
275,A股集合竞价是什么时候,股票交易时间
276,股票交易的时间规定是怎样的,股票交易时间
277,B股集合竞价的时间是什么时候,股票交易时间
278,股票交易的固定营业时间,股票交易时间
279,购买创业板有风险吗,创业板相关业务风险
280,购买创业板风险详细介绍,创业板相关业务风险
281,创业板亏钱吗,创业板相关业务风险
282,不知道哪些因素构成了创业板的业务风险,创业板相关业务风险
283,把其他券商的创业板账户转过来,创业板转签如何办理
284,创业板转签是要去营业部还是自己上网就能弄,创业板转签如何办理
285,我想问下以前证券公司创业板如何转入贵公司账户,创业板转签如何办理
286,创业板转签的办理方法是怎么样的,创业板转签如何办理
287,港股通股票涨幅的规定,港股通的涨跌幅
288,港股通涨跌大概在什么范围内,港股通的涨跌幅
289,港股通涨跌多少有规定吗,港股通的涨跌幅
290,港股通股票涨跌幅限制跟A股一样吗,港股通的涨跌幅
291,创业板交易收取多少手续费,创业板交易费用
292,创业板的交易费用和其他版块一样吗,创业板交易费用
293,创业板的买卖费用是由那几部分组成的,创业板交易费用
294,二板市场股票的交易佣金是按什么比例收取的,创业板交易费用
295,3开头的股票是不是表示创业板股票,创业板股票的交易代码
296,主板股票是600开头创业板也一样吗,创业板股票的交易代码
297,不知道创业板的股票是以什么开头的啊,创业板股票的交易代码
298,创业板市场股票代码是怎么组成的,创业板股票的交易代码
299,为什么A股股票分红之后价格会下跌,A股股票分红后价格下跌的原因
300,A股股票分红后怎么掉价了,A股股票分红后价格下跌的原因
301,a股股票分红价格会下降吗,A股股票分红后价格下跌的原因
302,A股股票刚分完红价格就没升上来,A股股票分红后价格下跌的原因
303,取消创业板权限的方法,个人投资者创业板的关闭方法
304,个人投资者的创业板开通以后不想要了怎么关呢,个人投资者创业板的关闭方法
305,不要创业板权限的取消方法,个人投资者创业板的关闭方法
306,有哪些办法可以取消我的创业板呢,个人投资者创业板的关闭方法
307,创业板过户费是怎么算的,创业板交易是否收取过户费
308,创业板过户交易贵么,创业板交易是否收取过户费
309,买创业板股票是不要缴过户费的吧,创业板交易是否收取过户费
310,创业板交易过户费用是免费的吗,创业板交易是否收取过户费
311,我申请了账户对账单是每个月几号发呢,何时收到对账单
312,每个月的几号发电子对账单,何时收到对账单
313,这个月的对账单我怎么还没拿到手,何时收到对账单
314,不知道电子对账单每月几号能收到,何时收到对账单
315,股票停牌一直到重新挂牌上市要几天啊,股票停牌时间有多久
316,有一只股票已经停牌两个月了还要多久才会复牌,股票停牌时间有多久
317,复牌时间有没有定,股票停牌时间有多久
318,股票停牌时间规定是多长啊,股票停牌时间有多久
319,担保品划转的时候会产生哪些费用呢,担保品划转费用
320,不知道担保品划转收不收手续费啊,担保品划转费用
321,担保品划转要收取多少费用,担保品划转费用
322,担保证券划转收钱吗,担保品划转费用
323,划转担保品有时间限制吗,担保品划转时间
324,一天中几点到几点是可以进行担保品划转的呢,担保品划转时间
325,担保品划转是交易日吗,担保品划转时间
326,每天能进行担保品划转的时间是几点到几点,担保品划转时间
327,你解释一下担保品划转后成本价和原价不一样是怎么回事,担保品划转后成本价为什么与原先的不一致
328,担保品划转之后成本价较之前有波动是什么情况,担保品划转后成本价为什么与原先的不一致
329,担保品划转后成本价跟之前相比怎么有差价啊,担保品划转后成本价为什么与原先的不一致
330,担保品划转后成本价与原先怎么不一样了,担保品划转后成本价为什么与原先的不一致
331,我想知道我的A股红利多久才到我的账户,A股红利、红股到账时间
332,人民币普通股红利什么时候到账,A股红利、红股到账时间
333,A股红利是在什么时候到账的,A股红利、红股到账时间
334,前几天我持有的A股股票分红了，但是一直没有给我发放红利，怎么回事呢？,A股红利、红股到账时间
335,拿到可转换公司债券利息的时间,可转债什么时候支付利息
336,可转债的利息什么时候付,可转债什么时候支付利息
337,可转债利息的结算时间是怎么安排的,可转债什么时候支付利息
338,可转换公司债券的付息时间,可转债什么时候支付利息
339,创业板的开通需要用到哪些资料,创业板的开通方式
340,我有一个股票账户，想把创业板权权限开通应该怎么弄,创业板的开通方式
341,开通创业板一定要去营业部吗,创业板的开通方式
342,开户了以后可以立刻开通创业板吗,创业板的开通方式
343,开设a股账户的操作方法,怎么开立A股证券账户
344,在哪能办理A股账户开户业务呢,怎么开立A股证券账户
345,开立A股账户的具体做法,怎么开立A股证券账户
346,a股账户业务的证券公司申请开一个a股账户的办法,怎么开立A股证券账户
347,我想咨询一下这个交易佣金是不是有什么调整啊,能否调整佣金
348,一笔交易的佣金的多少是怎么规定的,能否调整佣金
349,佣金太高了能稍微降一点吗,能否调整佣金
350,你跟我讲讲这个交易佣金有没有涨啊,能否调整佣金
351,可充抵保证金证券发生要约收购的处理流程是什么,可充抵保证金证券发生要约收购的处理
352,如果可充抵保证金的证券涉及到要约收购的话应该怎么办呢,可充抵保证金证券发生要约收购的处理
353,担保的股票如何进行要求收购操作,可充抵保证金证券发生要约收购的处理
354,可以通过什么方式处理可充抵保证金证券发生要约收购的问题,可充抵保证金证券发生要约收购的处理
355,A股要分红的股息是不是要办什么手续啊,A股股票分红的领取方法
356,A股分红应该去哪拿,A股股票分红的领取方法
357,怎么领取A股的股票红利,A股股票分红的领取方法
358,想领取A股股票分红有什么操作吗,A股股票分红的领取方法
359,港股通的交收规则是怎么样的,港股通的交收
360,港股通交收是怎么算的,港股通的交收
361,港股通股票的交易制度是什么,港股通的交收
362,港股通的交收制度是怎样的,港股通的交收
363,转出的担保物都满足了几点要求,转出担保物的条件
364,转出担保物时需要注意什么吗,转出担保物的条件
365,满足什么条件可以担保汇出,转出担保物的条件
366,担保比例超过多少才能转出担保物,转出担保物的条件
367,市价委托的风险高吗,市价委托的风险
368,市价委托要注意什么风险,市价委托的风险
369,市价委托有什么风险吗,市价委托的风险
370,市价委托是不是有很大的风险,市价委托的风险
371,A股股票的那个成本价和成交价分别是什么,A股股票成本价与成交价的区别
372,A股成交价是不是就是指成本价啊,A股股票成本价与成交价的区别
373,A股的成本价和成交价不是一个意思吗,A股股票成本价与成交价的区别
374,那个A股一会儿成本价一会儿成交价我都乱了,A股股票成本价与成交价的区别
375,封转开怎么办,如何办理“封转开”
376,基金由封闭式转成开放式要怎么操作,如何办理“封转开”
377,达到什么条件的投资者可以进行基金封转开,如何办理“封转开”
378,我想要封闭式转开放式的基金,如何办理“封转开”
379,新开的股东账户为什么不能马上就进行委托,股票无法正常委托或委托废单的原因
380,为什么股票委托总是出情况啊,股票无法正常委托或委托废单的原因
381,为什么我想买一只股票却老是无法正常委托,股票无法正常委托或委托废单的原因
382,股份无法委托申报是什么情况,股票无法正常委托或委托废单的原因
383,股票停牌后被调出担保品范围要多长时间,股票停牌后被调出担保品范围的时间
384,股票停牌多久就不能作为担保品了,股票停牌后被调出担保品范围的时间
385,股票停牌了在多长时间后会调出担保品范围,股票停牌后被调出担保品范围的时间
386,股票停牌之后一般多久会被调出担保品呢,股票停牌后被调出担保品范围的时间
387,给个微信号呗,公司微信是哪个
388,在微信输入上海证券就能收到你们的公众号,公司微信是哪个
389,你们公众号是什么,公司微信是哪个
390,你们公司的微信号是啥啊,公司微信是哪个
391,创业板转签后马上有效还是过两天有效,创业板转签成功后生效时间
392,我刚才办的创业板转签是不是现在就生效了,创业板转签成功后生效时间
393,创业板转签成功之后是不是立刻就能进行交易了,创业板转签成功后生效时间
394,创业板转签生效时间,创业板转签成功后生效时间
395,不能转签,创业板转签不成功的原因
396,我在华泰那明明开通了创业板怎么转签不了呢,创业板转签不成功的原因
397,为啥无法转签,创业板转签不成功的原因
398,创业板转签失败原因,创业板转签不成功的原因
399,保证金可用余额是怎么算的,保证金可用余额的计算公式
400,保证金可用余额要怎么算啊,保证金可用余额的计算公式
401,当前可使用的保证金是怎么算出来的,保证金可用余额的计算公式
402,保证金可用余额是怎么算出来的,保证金可用余额的计算公式
403,哪些是A股分红的转增和送股的的不同之处,A股分红的转增和送股的区别
404,A股分红的转增和送股的有何不同,A股分红的转增和送股的区别
405,A股分红的转增和送股的区别是什么,A股分红的转增和送股的区别
406,A股分红的转增和送股有什么差别,A股分红的转增和送股的区别
407,融资融券补仓的机会和额度要怎么来定呢,融资融券账户什么情况下投资者需要补仓，补仓额应该如何计算
408,融资融券补仓的额度怎么算呢,融资融券账户什么情况下投资者需要补仓，补仓额应该如何计算
409,融资融券账户补仓是账户的资金少于多少了,融资融券账户什么情况下投资者需要补仓，补仓额应该如何计算
410,证券公司说我融资融券担保比例过低让我补仓那我应该补多少,融资融券账户什么情况下投资者需要补仓，补仓额应该如何计算
411,不知道电子对账单什么时候能开通啊,电子对账单开通流程
412,电子对账单在什么时间段可以开通,电子对账单开通流程
413,电子对账单能打客服开通吗,电子对账单开通流程
414,现在哪些客户端支持订阅电子对账单啊,电子对账单开通流程
415,哪些是保证金可用余额,保证金可用余额由哪些部分组成
416,融资保证金可用余额除了现金还有什么,保证金可用余额由哪些部分组成
417,保证金可用余额的构成成分,保证金可用余额由哪些部分组成
418,哪些资金属于保证金可用余额,保证金可用余额由哪些部分组成
419,我不知道怎么卖出封闭式基金,封闭式基金如何买卖
420,如何将我的封闭式基金进行价格委托,封闭式基金如何买卖
421,封闭式基金应该怎么买卖,封闭式基金如何买卖
422,封闭式基金交易是怎么操作的呢,封闭式基金如何买卖
423,每股净资产的含义是干嘛的,A股每股净资产含义
424,不了解每股净资产，可以说一下吗,A股每股净资产含义
425,什么是股票每股净资产的含义,A股每股净资产含义
426,每股净资产是指什么和什么的比率,A股每股净资产含义
427,公司的热线电话给我一下,上海证券客服热线电话号码
428,证券客服热线的电话号码是多少,上海证券客服热线电话号码
429,上证证券客服电话多少,上海证券客服热线电话号码
430,上海证券客服电话是多少,上海证券客服热线电话号码
431,我想知道怎么开通港股通交易权限,如何开通港股通
432,开通港股通权限需要满足的标准有哪些,如何开通港股通
433,想开通港股通权限需要怎么做,如何开通港股通
434,港股通账户怎么开通,如何开通港股通
435,想给平板上装一个和手机上也一样的炒股软件怎么操作,平板电脑交易软件下载方法
436,平板电脑怎么下载ios版本的指e通来交易股票,平板电脑交易软件下载方法
437,ipad怎么安装股票交易软件,平板电脑交易软件下载方法
438,指e通怎么安装到iPad上,平板电脑交易软件下载方法
439,基金交易数量规定,买卖基金数量规定
440,封闭式基金买卖的数量有规定吗,买卖基金数量规定
441,买封闭式基金最少买多少的,买卖基金数量规定
442,买卖封闭式基金最大数量有限制吗,买卖基金数量规定
443,为什么我不能开立A股账户,不得开立A股账户的情况
444,哪些情况下是不能开通A股账户的,不得开立A股账户的情况
445,证券公司的业务人员能开A股账户吗,不得开立A股账户的情况
446,我朋友是外国人，为什么开a股账户总是不成功呢,不得开立A股账户的情况
447,A股清算的时间是固定的吗,A股清算时间
448,A股股票几点开始清算,A股清算时间
449,A股交易结束后就开始清算了吗,A股清算时间
450,A股股票清算是在下午3点之前还是之后,A股清算时间
451,关于人民币普通股的分红的详细方案在上市公司公告里可以查到是吗,A股股票分红方案如何查询
452,A股分红有什么计划我想查一下,A股股票分红方案如何查询
453,在网上交易系统如何查询a股分红方案呢,A股股票分红方案如何查询
454,应该在深交所的哪个公告里查询a股分红方案,A股股票分红方案如何查询
455,我今天开完户了是不是直接就能办理创业板的开通了,开户成功当天能否办理创业板首次开通
456,股票账号开通和创业板首次开通能不能在同一天,开户成功当天能否办理创业板首次开通
457,开户后可立即办理创业板的首次开通吗,开户成功当天能否办理创业板首次开通
458,开户成功以后随时都能申请首次创业板的开通吧,开户成功当天能否办理创业板首次开通
459,港股通的交易时间是在什么时候呢,港股通交易时间
460,元旦前是工作日的话港股通的交易还能正常进行吗,港股通交易时间
461,沪港两地节假日安排不同，投资者如何确定港股通的交易日、交收日,港股通交易时间
462,投资者买入或卖出港股通股票在半个交易日时，交收日怎样确定,港股通交易时间
463,港股通交易每一手是多少股啊,港股通交易，一手股数是多少
464,港股通股票的一手股数和A股一样吗,港股通交易，一手股数是多少
465,港股通交易一手是20股吗,港股通交易，一手股数是多少
466,港股通交易的一手是100股吗,港股通交易，一手股数是多少
467,分级基金怎么知道手上的基金值多少钱,分级基金三类份额的基金净值是怎样计算的
468,分级基金的三种份额的净值是由什么公式算的,分级基金三类份额的基金净值是怎样计算的
469,不知道分级基金中的三类份额的基金净值是怎么算出的,分级基金三类份额的基金净值是怎样计算的
470,分级基金a份额的基金净值怎么算,分级基金三类份额的基金净值是怎样计算的
471,我已经开过创业板了还能换一家券商再开通一个吗,创业板权限能否在多个券商开通
472,只能在同一家券商开通创业板权限吗,创业板权限能否在多个券商开通
473,我已开通创业板权限，能在其他券商在开通吗,创业板权限能否在多个券商开通
474,只能在一家券商开通创业板权限吗,创业板权限能否在多个券商开通
475,补充担保品的比例是怎么规定的啊,补充担保物应维持的比例是多少
476,补充担保物的维持比例是多少啊,补充担保物应维持的比例是多少
477,融资融券补仓超过百分之多少就不用补了,补充担保物应维持的比例是多少
478,融资融券追保线是140%补仓补到这里就行了吧,补充担保物应维持的比例是多少
479,报价回购节假日计算利息的标准,报价回购节假日有利息吗
480,过节放假的时候报价回购产品还计息吗,报价回购节假日有利息吗
481,报价回购国庆节算利息吗,报价回购节假日有利息吗
482,春节期间报价回购还有收益吗,报价回购节假日有利息吗
483,在我进行投资的时候，桌面一直闪烁更新提醒我直接点就可以更新卓越版吗,卓越版网上交易软件更新方法
484,卓越版软件提示有更新怎么更新,卓越版网上交易软件更新方法
485,电脑软件更新方法,卓越版网上交易软件更新方法
486,卓越版最新版要在官网找吗,卓越版网上交易软件更新方法
487,电脑软件不能登录,卓越版网上交易软件登录失败的原因
488,登不上卓越版,卓越版网上交易软件登录失败的原因
489,为什么今天登卓越版老是报错,卓越版网上交易软件登录失败的原因
490,卓越版刚才登不上去现在还登不上去怎么搞的,卓越版网上交易软件登录失败的原因
491,那个现金添利的保留额度设置有资金限制吗,现金添利保留额度设置规则
492,现金添利保留资金最低额度多少,现金添利保留额度设置规则
493,设定现金添利保留的钱要在几点到几点操作,现金添利保留额度设置规则
494,现金添利保留额度要在什么时间内设置,现金添利保留额度设置规则
495,我开了创业板权限怎么还买不了呢,无法购买创业板股票原因
496,不能购买创业板,无法购买创业板股票原因
497,我为什么不能交易创业板,无法购买创业板股票原因
498,我以前在华泰那里开了创业板为什么现在买不了股票,无法购买创业板股票原因
499,在创业板上市的公司和在主板市场上市的公司在公司资质上有区别吗,我国创业板市场与主板市场在上市条件方面的差异
500,在创业板上市和在主板上市所要具备的条件差别在哪,我国创业板市场与主板市场在上市条件方面的差异
501,创业板市场和主板市场上市有什么区别,我国创业板市场与主板市场在上市条件方面的差异
502,创业板公司要想上市要求比主板公司更苛刻吗,我国创业板市场与主板市场在上市条件方面的差异
503,你们公司总部大楼的具体地址是啥呀,公司总部地址在哪里
504,你司总部在上海哪里,公司总部地址在哪里
505,你们总部在哪个区,公司总部地址在哪里
506,公司的总部在哪啊,公司总部地址在哪里
507,个人投资者开通创业板年龄不得低于多少岁,个人投资者创业板开通对年龄要求
508,创业板开通还有年龄上的规定吗,个人投资者创业板开通对年龄要求
509,我爷爷都八十多岁了，想开创业板的交易权限行不行啊,个人投资者创业板开通对年龄要求
510,开通创业板的交易对投资人有什么限制吗,个人投资者创业板开通对年龄要求
511,哪些账户可以用作封闭式基金交易,封闭式基金交易要求开通的账户
512,封闭式基金交易账户的要求,封闭式基金交易要求开通的账户
513,我是深市b股账户能买封闭式基金不,封闭式基金交易要求开通的账户
514,我用中登基金账户能买封闭式基金吗,封闭式基金交易要求开通的账户
515,新办创业板权限的流程,创业板首次开通如何办理
516,怎么办理创业板的首次开通,创业板首次开通如何办理
517,首次开创业板权限该如何操作,创业板首次开通如何办理
518,之前没有开过创业板不知道怎么弄,创业板首次开通如何办理
519,要补交担保物的话需要在什么时间之内完成,补充担保物是否有期限要求
520,对于补充担保物有什么时限要求,补充担保物是否有期限要求
521,融资融券当天结算后规定补仓时间是T加几天内,补充担保物是否有期限要求
522,补充担保物是怎么时间规定的,补充担保物是否有期限要求
523,报价回购怎么退掉,报价回购怎么退出
524,报价回购要退出的话要怎么做,报价回购怎么退出
525,报价回购到期后怎么退掉啊,报价回购怎么退出
526,我想退出报价回购不续做了，怎么弄呢,报价回购怎么退出
527,卓越版软件初始化的方法,卓越版网上交易软件初始化设置方法
528,我要把卓越版里面的东西全部恢复默认,卓越版网上交易软件初始化设置方法
529,想把卓越版恢复初始化的路径,卓越版网上交易软件初始化设置方法
530,卓越版会恢复初始化状态,卓越版网上交易软件初始化设置方法
531,我没有收到纸质账单为什么,为何没有收到纸质对账单
532,这个月怎么没见到你们寄纸质对账单过来是忘了吗,为何没有收到纸质对账单
533,只有电子对账单吗,为何没有收到纸质对账单
534,纸质对账单是不是寄丢了，没有收到,为何没有收到纸质对账单
535,怎么在账号设置界面解绑客户号,上海证券微信公众号解绑客户号操作方法
536,微信公众号上解绑方式也绑定是一样的吗,上海证券微信公众号解绑客户号操作方法
537,我的号怎么跟你们微信解除关联,上海证券微信公众号解绑客户号操作方法
538,之前在微信公众号上绑定客户号想解除绑定,上海证券微信公众号解绑客户号操作方法
539,在微信中搜索你们怎么找不到,上海证券微信公众号关注方法
540,你们的官方微信的关注方式,上海证券微信公众号关注方法
541,怎么添加公司公众号,上海证券微信公众号关注方法
542,我想关注上海证券微信号，应该搜索什么内容,上海证券微信公众号关注方法
543,基金转托管怎么办理,如何办理基金转托管
544,我要把基金转托管了,如何办理基金转托管
545,基金转托管去哪里办,如何办理基金转托管
546,基金转托管怎么办好,如何办理基金转托管
547,没有发生交易的话能不能拿到对账单,如果没有交易能收到对账单吗
548,没有交易还会不会你们发出的对账单,如果没有交易能收到对账单吗
549,只有有交易才会有产生对账单吗,如果没有交易能收到对账单吗
550,这个月没买股票会有对账单吗,如果没有交易能收到对账单吗
551,网络投票如果投好多次每次结果都有效吗,能否重复进行网络投票
552,网络投票只能投一次吗,能否重复进行网络投票
553,网络投票第二次会不会覆盖掉第一次的,能否重复进行网络投票
554,网络投票一个账户只能一次吗,能否重复进行网络投票
555,理财产品有没有,理财产品的购买
556,理财产品的购买途径,理财产品的购买
557,理财产品都有哪些,理财产品的购买
558,我想查理财产品哪里能买,理财产品的购买
559,为什么我打你们的客服电话没人接听,客服的工作时间
560,晚上最晚什么时候可以找人工,客服的工作时间
561,你们的客服人员的工作时间只有8个小时吗,客服的工作时间
562,客服不是全天候在的吗,客服的工作时间
563,个人交易一年可以申请开通创业板吗,个人投资者交易未满两年能否开通创业板
564,我是一个炒股新手能不能开创业板的交易权限,个人投资者交易未满两年能否开通创业板
565,个人投资者交易没有满两年的话就不能开通创业板是吗,个人投资者交易未满两年能否开通创业板
566,交易经验没有2年就不能开创业板吗,个人投资者交易未满两年能否开通创业板
567,分级基金只能去营业部开权限网上办不了吗,分级基金业务权限能否在网上开通
568,分级基金业务权限支持在线开通吗,分级基金业务权限能否在网上开通
569,我想在网上申请开通分级基金业务的权限要怎么做啊,分级基金业务权限能否在网上开通
570,网上怎么开通分级基金业务权限,分级基金业务权限能否在网上开通
571,分级基金的权限需要满足什么条件才能开通呢,分级基金业务权限开通条件
572,哪几种情况可以开通分级基金业务权限,分级基金业务权限开通条件
573,不知道分级基金要符合哪些条件才能开通权限啊,分级基金业务权限开通条件
574,开通分级基金前是不是要做风险测评,分级基金业务权限开通条件
575,我是深市的账户想办理分级基金的合并不知道对数量有什么要求啊,分级基金合并、分拆数量限制
576,分级基金分拆的申报数量有最低标准吗,分级基金合并、分拆数量限制
577,分级基金在合并的时候有没有份额上的规定,分级基金合并、分拆数量限制
578,合并分级基金数量可以有零头吗,分级基金合并、分拆数量限制
579,申请报价回购需要多少钱,报价回购的费用
580,进行报价回购交易有没有额外手续费什么的,报价回购的费用
581,购买报价回购产品要扣几个点的钱,报价回购的费用
582,报价回购投资要交多少手续费,报价回购的费用
583,a股成本价与买入均价一样时，成本价的计算公式,A股股票成本价为买入均价的计算方法
584,将a股成本价换算成买入均价的方法有哪些,A股股票成本价为买入均价的计算方法
585,A股股票的买入均价当做是成本价的时候要怎么来算,A股股票成本价为买入均价的计算方法
586,a股成本价为买入价这是怎么计算的,A股股票成本价为买入均价的计算方法
587,卓越版软件怎么备份个人数据,卓越版网上交易软件备份个性化数据方法
588,想把卓越版中的个性化数据保存到电脑上,卓越版网上交易软件备份个性化数据方法
589,卓越版备份个性化数据的途径,卓越版网上交易软件备份个性化数据方法
590,我要换电脑了 软件里的自选股怎么办？,卓越版网上交易软件备份个性化数据方法
591,资本公积金转增股份要收红利税吗,转增股票是否扣税
592,转增股票怎么计算的税率,转增股票是否扣税
593,转增股有没有税金,转增股票是否扣税
594,转增股票会不会收我的钱,转增股票是否扣税
595,都快月末了怎么还没给我发电子对账单啊,为什么一直没有收到电子对账单
596,电子对账单这个月不给我发了吗,为什么一直没有收到电子对账单
597,怎么过了这么久还没收到我的电子对账单啊,为什么一直没有收到电子对账单
598,一个月都快过完了怎么都没收到电子对账单呢,为什么一直没有收到电子对账单
599,我输入的账号密码没错啊，还是登不上指e通,手机交易软件登录失败常见原因
600,玉如翼登不上,手机交易软件登录失败常见原因
601,手机炒股软件老登不上去是你们服务器坏了吗,手机交易软件登录失败常见原因
602,手机炒股程序登录老报错是什么问题,手机交易软件登录失败常见原因
603,融资融券的维持担保比例多少才是合理的,什么是维持担保比例
604,为啥要算出维持担保率,什么是维持担保比例
605,维持担保比例的具体内容是什么呢,什么是维持担保比例
606,维持担保比例越大说明什么,什么是维持担保比例
607,创业板是小型资本市场吗,什么是创业板
608,第二股票交易市场有什么特别的意义吗,什么是创业板
609,小型资本市场指代的是不是就是创业板啊,什么是创业板
610,二板市场股票这个要怎么解释,什么是创业板
611,微信号服务提醒,上海证券微信公众号如何设置服务提醒
612,上海证券微信公众号怎么设置服务提醒,上海证券微信公众号如何设置服务提醒
613,上海证券微信公众号服务提醒在哪设置,上海证券微信公众号如何设置服务提醒
614,想在微信公众号上收到服务提醒,上海证券微信公众号如何设置服务提醒
615,我有两个账号，可以都绑微信公众号吗,上海证券微信公众号能否绑定多个客户号
616,公众号和客户号是不是只能一对一,上海证券微信公众号能否绑定多个客户号
617,之前绑了一个客户号在你们的微信上现在能不能再加一个,上海证券微信公众号能否绑定多个客户号
618,之前绑定了一个客户号在你们的微信上现在能不能再加一个,上海证券微信公众号能否绑定多个客户号
619,之前的电子对账单找不到了怎样才能申请补寄,如何申请补寄电子对账单
620,补寄电子对账单要怎么申请,如何申请补寄电子对账单
621,我要你们再发账单到我邮箱里,如何申请补寄电子对账单
622,在哪里申请补寄电子对账单,如何申请补寄电子对账单
623,能用融资融券账户交易港股通吗,融资融券账户是否可以交易港股通
624,融资融券账户有资格进行港股通交易吗,融资融券账户是否可以交易港股通
625,融资融券账户能不能交易港股通,融资融券账户是否可以交易港股通
626,融资融券账户买不买得了港股通股票,融资融券账户是否可以交易港股通
627,能不能帮我减掉一点印花税啊,能否调整印花税
628,高级可以是不是可以享受比较低的印花税,能否调整印花税
629,你们有没有调整印花税的权利,能否调整印花税
630,印花税有优惠吗,能否调整印花税
631,开了A股账号要下载一个炒股软件有没有什么推荐的,哪些交易软件能交易A股
632,下个指e通就能在手机上炒A股了嘛,哪些交易软件能交易A股
633,能炒A股的APP有什么,哪些交易软件能交易A股
634,打电话能不能买A股,哪些交易软件能交易A股
635,无法购买理财产品是怎么回事,理财产品无法购买原因
636,明明签了合同为什么还是买不了理财产品,理财产品无法购买原因
637,买不了理财产品,理财产品无法购买原因
638,为什么我买不了理财产品呢,理财产品无法购买原因
639,融资标的股退出标的池后多久能了结,客户持有融资标的股，但该股票退出融资标的池会如何处理
640,融资标的股退出市场后客户要赔钱吗,客户持有融资标的股，但该股票退出融资标的池会如何处理
641,我账户中有融资的标的股票，要是这股票退出融资标的池那我这是要血本无归了吗,客户持有融资标的股，但该股票退出融资标的池会如何处理
642,融资标的股退出了我怎么办,客户持有融资标的股，但该股票退出融资标的池会如何处理
643,可转换债券有没有资格参与分红,可转债是否享受分红
644,可转债有没有分红,可转债是否享受分红
645,可转债能够分到多少红利,可转债是否享受分红
646,持有可转债的话会不会有分红呢,可转债是否享受分红
647,A股开盘临时停牌一小时，如何委托,开盘临时停牌一小时的A股委托规则
648,开盘又临时停牌1小时，还能进行a股委托吗,开盘临时停牌一小时的A股委托规则
649,开盘临时停牌1小时，我还想进行A股委托,开盘临时停牌一小时的A股委托规则
650,开盘临时停牌的上海A股不能进行委托是吗,开盘临时停牌一小时的A股委托规则
651,不知道开放式基金能不能撤单啊,开放式基金是否可以撤单
652,开放式基金赎回委托发出后可以撤销吗,开放式基金是否可以撤单
653,开放式基金委托申购后还能撤单吗,开放式基金是否可以撤单
654,开放式基金申购反悔了能不能取消,开放式基金是否可以撤单
655,基金在合并过之后能不能撤销啊,基金合并分拆能否撤单
656,基金合并后不能反悔了吧,基金合并分拆能否撤单
657,基金已经合并完成还能撤单返回原样吗,基金合并分拆能否撤单
658,填错分级基金的合并信息可以撤单吗,基金合并分拆能否撤单
659,我怎么买不了报价回购产品呀,购买报价回购失败的原因
660,我申请购买报价回购但是告诉结果失败了怎么回事呢,购买报价回购失败的原因
661,哪些情况会导致报价回购的失败,购买报价回购失败的原因
662,报价回购为什么会失败,购买报价回购失败的原因
663,不知道港股通对于交易总额有没有什么规定,港股通交易总额度是多少
664,港股通买卖一共不超过多少钱,港股通交易总额度是多少
665,港股通总共交易的钱有没有封顶,港股通交易总额度是多少
666,港股通交易的总额度是怎么规定的,港股通交易总额度是多少
667,我什么时候能查到我港股通的交易流水,港股通的交易流水查询
668,港股通交易的资金记录要什么时候才能查啊,港股通的交易流水查询
669,我怎么看港股通的交易流水啊,港股通的交易流水查询
670,我今天买了几支港股通想查一下流水,港股通的交易流水查询
671,我开的封闭式基金账户能买哪些证券,封闭式基金账户可以交易的证券品种
672,封闭式基金账户交易证券的品种有什么限制,封闭式基金账户可以交易的证券品种
673,封闭式基金账户可以进行哪些证券的交易,封闭式基金账户可以交易的证券品种
674,哪些证券是可以用封闭式基金账户交易的,封闭式基金账户可以交易的证券品种
675,我持有的封闭式基金能不能采用隔夜委托的方式,封闭式基金是否可以隔夜委托
676,封闭式基金能否隔夜委托,封闭式基金是否可以隔夜委托
677,封闭式基金的业务包不包括隔夜委托,封闭式基金是否可以隔夜委托
678,能否隔夜委托封闭式基金的交易申请,封闭式基金是否可以隔夜委托
679,封闭式基金的代码是几开头的,封闭式基金的代码
680,怎么靠代码确定是不是封闭式基金,封闭式基金的代码
681,我怎么通过基金代码分辨是不是封基啊,封闭式基金的代码
682,深市的封闭式基金代码是184起头的6位数代码吗,封闭式基金的代码
683,分级基金下折的时候会不会影响母基金啊,分级基金下折是否影响母基金
684,分级基金下折后会降低母基金的净值吗,分级基金下折是否影响母基金
685,母份额的净值和数量是否根据分级基金下折而变化,分级基金下折是否影响母基金
686,分级基金向下折算后对母基金有什么影响吗,分级基金下折是否影响母基金
687,哪些账号能购买场内基金,分级基金交易使用的账户
688,场外分级基金交易要用到的账户是中登的吗,分级基金交易使用的账户
689,那些账户可以交易分级基金,分级基金交易使用的账户
690,买卖分级基金的账户有规定吗,分级基金交易使用的账户
691,分级基金办理合并的办理时间,分级基金合并、分拆委托时间
692,下午三点以后还能办理分级基金的分拆吗,分级基金合并、分拆委托时间
693,分级基金分拆有没有时间限制呢,分级基金合并、分拆委托时间
694,分级基金在什么时间段可以进行分拆委托,分级基金合并、分拆委托时间
695,分级基金中的基础份额风险收益有什么特点呢,分级基金的三类份额风险收益特征是怎样的
696,分级基金的三类份额风险收益特征都有什么,分级基金的三类份额风险收益特征是怎样的
697,分级基金三种份额面对的风险程度有什么样的区别,分级基金的三类份额风险收益特征是怎样的
698,分级基金哪种份额的风险等级最高,分级基金的三类份额风险收益特征是怎样的
699,创业板转签后不会有通知吗,创业板转签成功后是否有通知
700,创业板转签成功后会发短信给我吗,创业板转签成功后是否有通知
701,创业板转签后会不会告诉我,创业板转签成功后是否有通知
702,不知道创业板转签之后会以什么方式告诉我啊,创业板转签成功后是否有通知
703,不知道创业板股票是哪个市场的,创业板属于什么市场股票
704,创业板新股市值属于沪市还是深市,创业板属于什么市场股票
705,创业板的股票属于A股吗,创业板属于什么市场股票
706,创业板股票属于深市还是沪市,创业板属于什么市场股票
707,首次开通创业板后是有人通知我还是要我自己去网上看,创业板首次开通成功后是否有通知
708,第一次开创业板成功后会发短信给我吗,创业板首次开通成功后是否有通知
709,首次开通创业板有短信提醒吗,创业板首次开通成功后是否有通知
710,创业板首次开通成功通知是什么样的,创业板首次开通成功后是否有通知
711,创业板交易可以隔夜进行委托吗,创业板能否隔夜委托
712,创业板是不是也可以隔夜委托,创业板能否隔夜委托
713,创业板可以在闭市后进行第二天的交易委托吗,创业板能否隔夜委托
714,创业板委托能不能隔夜,创业板能否隔夜委托
715,报价回购随便投多少都行吗,参与报价回购单笔交易资金限额
716,两千块钱能不能进行报价回购啊,参与报价回购单笔交易资金限额
717,报价回购一笔至少要回购多少钱的,参与报价回购单笔交易资金限额
718,报价回购每笔交易额度有什么要求啊,参与报价回购单笔交易资金限额
719,报价回购产品到期了接下来我该怎么操作,报价回购到期后怎么办
720,不知道报价回购到期了应该怎么办,报价回购到期后怎么办
721,报价回购在到期之后是怎么续约的,报价回购到期后怎么办
722,报价回购到期会不会自动续约,报价回购到期后怎么办
723,几点能进行报价回购买卖的操作,报价回购操作时间
724,报价回购是在什么几点开放操作的,报价回购操作时间
725,交易日下午三点可以操作报价回购吗,报价回购操作时间
726,报价回购可以在什么时间交易,报价回购操作时间
727,B股发的红利还要交税吗,B股红利是否需要扣税
728,B股得来的红利也要纳税吗,B股红利是否需要扣税
729,B股分红要缴税吗,B股红利是否需要扣税
730,B股的红利要收税吗,B股红利是否需要扣税
731,登记好了A股股东账户是随时都能进行股票的交易吗,A股股东账户新开或登记后何时可以使用
732,A股股东账户开通之后要多久才能进行交易啊,A股股东账户新开或登记后何时可以使用
733,不知道A股股东账户登记完是不是第二天就能进行股票的申购了,A股股东账户新开或登记后何时可以使用
734,新开户的A股东账户什么时候可以开始交易啊,A股股东账户新开或登记后何时可以使用
735,今天才卖出去的a股当天能不能就把资金转出来,A股的交收规则
736,a股实行的是T+0吗,A股的交收规则
737,A股的交易规则是T+1吗,A股的交收规则
738,我今天买了A股是不是要到第二天才能卖出去,A股的交收规则
739,卓越版登陆时出现一排字“连接交易中心失败，链接被占满或全部中间键已异常”是怎么了,卓越版登录时提示“连接交易中心失败，链接被占满或全部中间键已异常”
740,登上卓越版怎么出现“连接交易中心失败，链接被占满或全部中间键已异常”的字样,卓越版登录时提示“连接交易中心失败，链接被占满或全部中间键已异常”
741,们的系统坏了吗卓越版显示中间键异常,卓越版登录时提示“连接交易中心失败，链接被占满或全部中间键已异常”
742,卓越版登不上去说什么链接被占满,卓越版登录时提示“连接交易中心失败，链接被占满或全部中间键已异常”
743,有规定现金添利只能退出几次吗,现金添利退出的限制与次数
744,现金添利有规定只能退出几次吗,现金添利退出的限制与次数
745,关于现金添利的退出有没有什么限定条件,现金添利退出的限制与次数
746,现金添利可以退出无数次吗,现金添利退出的限制与次数
747,港股走势怎么查不了了,为何无法查询到港股行情
748,怎么查询不了港股行情,为何无法查询到港股行情
749,港股行情查不到的原因,为何无法查询到港股行情
750,怎么看不到港股指数了,为何无法查询到港股行情
751,哪些地方会公布港股通股票的披露信息,如何获得港股通股票的披露信息
752,怎么看港股通股票的披露信息,如何获得港股通股票的披露信息
753,我想知道港股通股票披露的信息,如何获得港股通股票的披露信息
754,我想查一下港股通股票的披露信息应该怎么查,如何获得港股通股票的披露信息
755,融资融券需要补仓的话会有人联系我吗,融资融券需要补仓时是否会有通知
756,要是我的融资融券账户需要补仓会收到通知信息吗,融资融券需要补仓时是否会有通知
757,融资融券担保过低时营业部会打电话通知我补仓吗,融资融券需要补仓时是否会有通知
758,不能时时刻刻的盯着股票能不能在融资融券需要补仓提醒我,融资融券需要补仓时是否会有通知
759,申购时间是权益日当天可以参加分红吗,权益登记日当天申购基金是否可以参与分红
760,在权益登记日当天买的基金有没有分红的,权益登记日当天申购基金是否可以参与分红
761,权益日申购基金可以拿到基金的收益吗,权益登记日当天申购基金是否可以参与分红
762,权益登记日申购的基金这一天算不算分红,权益登记日当天申购基金是否可以参与分红
763,融券卖出的钱怎么不算到保证金可用余额里,客户融券卖出后所得资金为什么不计算入保证金可用余额中
764,融券的钱为什么不能计算到保证金里面,客户融券卖出后所得资金为什么不计算入保证金可用余额中
765,融券卖出后资金为什么不计算入保证金余额,客户融券卖出后所得资金为什么不计算入保证金可用余额中
766,为什么我融券卖出了之后保证金的可用余额还是那些啊,客户融券卖出后所得资金为什么不计算入保证金可用余额中
767,什么人能买B股,可以从事B股交易的投资者有哪些
768,不知道是不是只有外国人才能购买B股啊,可以从事B股交易的投资者有哪些
769,哪些人能进行B股交易,可以从事B股交易的投资者有哪些
770,机构可以交易B股吗,可以从事B股交易的投资者有哪些
771,信用账户当天开通了可以提交担保品吗,开立融资融券信用账户当天是否能提交担保物
772,信用账户是不是一开通就能转入担保物,开立融资融券信用账户当天是否能提交担保物
773,刚开的信用账户不支持立马提交担保物吗,开立融资融券信用账户当天是否能提交担保物
774,开立融资融券信用账户后立马就能提交担保物吗,开立融资融券信用账户当天是否能提交担保物
775,开放式基金账户开通要多久,开放式基金账户申请开通后何时生效
776,开放式基金开户在T加几天生效,开放式基金账户申请开通后何时生效
777,开放式基金账户在开通成功后几天才能进行交易,开放式基金账户申请开通后何时生效
778,开放式基金开户后是不是立马生效,开放式基金账户申请开通后何时生效
779,开放式基金申购之后什么时候确认,开放式基金的申赎确认时间
780,今天申购了开放式基金明天能不能确认,开放式基金的申赎确认时间
781,今天买入开放式基金几天后能确认,开放式基金的申赎确认时间
782,开放式基金交易后何时确认,开放式基金的申赎确认时间
783,我想知道开放式基金的认购价格是怎么算的,开放式基金的面值和认购价格是多少
784,开放式基金的面值通常都不超过一块钱吧,开放式基金的面值和认购价格是多少
785,开放式基金的面值,开放式基金的面值和认购价格是多少
786,开放式基金的面值多少钱,开放式基金的面值和认购价格是多少
787,没成交也没撤单那钱是原路返回到我账上吗,交易时间内未撤单如何处理
788,股票没有撤单资金会回到账户里吗,交易时间内未撤单如何处理
789,在交易期间没有撤单但是也没能成交的单子会怎么样呢,交易时间内未撤单如何处理
790,股票没成交也没撤单该怎么办,交易时间内未撤单如何处理
791,过了9点20集合竞价是不是不给撤单了,集合竞价时间是否能够撤单
792,集合竞价期间不能撤销委托吗,集合竞价时间是否能够撤单
793,集合竞价的规则里可以撤单吗,集合竞价时间是否能够撤单
794,现在是9点20也就是集合竞价时间，我能把之前的委托撤掉吗,集合竞价时间是否能够撤单
795,股票集合竞价的最后成交价是统一的吗,集合竞价时成交价格的确定原则
796,集合竞价的成交价格跟哪些因素有关,集合竞价时成交价格的确定原则
797,集合竞价的成交价是由哪些规则确定下来的,集合竞价时成交价格的确定原则
798,集合竞价的时候最终成交价是怎么确定的,集合竞价时成交价格的确定原则
799,基金申购的时候有没有折扣的,基金申购、定投费率优惠介绍
800,关于基金定投费率有什么折扣,基金申购、定投费率优惠介绍
801,基金申购有哪些优惠政策,基金申购、定投费率优惠介绍
802,买基金打折吗,基金申购、定投费率优惠介绍
803,寄送基金对账单的时间改一下,基金对账单寄送时限
804,基金对账单寄送时限怎么设置,基金对账单寄送时限
805,在哪变更基金对账单邮寄的日期啊,基金对账单寄送时限
806,基金对账单的寄送时间可以修改吗,基金对账单寄送时限
807,一般什么情况下机构投资者能成功开通港股通,机构投资者开通港股通的要求
808,机构客户申请港股通需要满足什么要求呢,机构投资者开通港股通的要求
809,自己开的公司开通港股通有什么规定,机构投资者开通港股通的要求
810,机构投资者怎么开通港股通,机构投资者开通港股通的要求
811,营业厅可直接开通机构创业板交易权限,机构投资者创业板权限开通方法
812,机构客户是不是本来就有创业板权限,机构投资者创业板权限开通方法
813,机构投资人是不是只有在营业厅才能申请创业板的权限啊,机构投资者创业板权限开通方法
814,机构用户是不是默认有创业板权限,机构投资者创业板权限开通方法
815,这次没有扣我股息差别税是怎么回事呢,股息差别税未扣除的原因
816,我卖了支股票怎么没显示股息差别税的扣除,股息差别税未扣除的原因
817,股息差别税好像没扣是怎么回事,股息差别税未扣除的原因
818,有次交易没有扣股息差别税是什么情况啊,股息差别税未扣除的原因
819,股票分红怎么进行派息的,股票分红派息的形式
820,我不想要现金的股票分红能换成别的不,股票分红派息的形式
821,股票分红派息可以红利再投资吗,股票分红派息的形式
822,分红派息是付现金吗,股票分红派息的形式
823,港股通可以零股买入吗,港股通是否可以零股买卖
824,港股通里面小于一手股能不能买,港股通是否可以零股买卖
825,港股通零股买卖有限制吗,港股通是否可以零股买卖
826,港股通可以以碎股的形式卖出不,港股通是否可以零股买卖
827,港股通交易有没有上限,港股通交易最大手数如何规定
828,港股通交易手数有限制数量吗,港股通交易最大手数如何规定
829,港股通交易还有手数的限定吗,港股通交易最大手数如何规定
830,港股通股票最多买3000手吗,港股通交易最大手数如何规定
831,港股通交易软件下载途径,港股通交易软件下载方法
832,我想体验一下港股通交易软件,港股通交易软件下载方法
833,港股通交易软件要怎么下载啊,港股通交易软件下载方法
834,港股通app在哪下,港股通交易软件下载方法
835,我找不到可以查港股通汇率的按钮,港股通汇率查询方法
836,港股通的汇率在哪能查到,港股通汇率查询方法
837,港股通的汇率要上哪去查啊,港股通汇率查询方法
838,在指e通上看港股通汇率点哪操作,港股通汇率查询方法
839,分级基金怎么买,分级基金的交易方式
840,分级基金可以怎么交易,分级基金的交易方式
841,要怎么交易母基金,分级基金的交易方式
842,分级基金买卖是场内还是场外,分级基金的交易方式
843,是不是只有证券体系的内部人员才能参与电商服务平台的角色授权,电商服务平台的授权对象是哪些人
844,介绍下电商服务平台的授权对象是哪些人,电商服务平台的授权对象是哪些人
845,电商服务平台授权对象必须是正式员工吗,电商服务平台的授权对象是哪些人
846,电商服务平台的各种权利分给哪些人,电商服务平台的授权对象是哪些人
847,当天开通融资融券信用账户当天担保物能卖得了吗,当天开立融资融券信用账户，当天是否可以在账户内做担保物买卖
848,融资融券信用账户开户后能立马进行担保物买卖吗,当天开立融资融券信用账户，当天是否可以在账户内做担保物买卖
849,开立融资融券信用账户后要在账户内做担保物买卖可以吗,当天开立融资融券信用账户，当天是否可以在账户内做担保物买卖
850,信用账户开通了以后可以马上买卖吗,当天开立融资融券信用账户，当天是否可以在账户内做担保物买卖
851,怎么买入创业板股票,创业板如何交易
852,创业板交易是怎么操作的,创业板如何交易
853,要有创业板交易权限，才能购买创业板吗,创业板如何交易
854,创业板是怎么进行交易操作的,创业板如何交易
855,创业板的交易权限支持在线开通的方式吗,创业板交易权限能否网上开通
856,在网上要怎么开通创业板的交易权限呢,创业板交易权限能否网上开通
857,开通创业板是不是只能去营业部网上行不通,创业板交易权限能否网上开通
858,不想去营业部能不能直接在网上开通创业版,创业板交易权限能否网上开通
859,创业板能不能转托管,创业板股票能否办理转托管
860,创业板的股票是否可以申请转托管,创业板股票能否办理转托管
861,原来创业板股票在华泰现在让国泰托管行不行,创业板股票能否办理转托管
862,我能不能把我的创业板股票转到另一个券商下托管,创业板股票能否办理转托管
863,报价回购能不能撤单,报价回购是否能撤单
864,报价回购的合并信息可以撤单吗,报价回购是否能撤单
865,报价回购不想买了还能取消吗,报价回购是否能撤单
866,买了个一百多天的报价回购嫌时间太长现在能不能撤销,报价回购是否能撤单
867,B股的涨跌幅的要求和A股一样吗,B股的涨跌幅限制
868,B股上涨或下跌多少会涨跌停啊,B股的涨跌幅限制
869,B股有没有涨跌幅限制啊,B股的涨跌幅限制
870,B股和A股一样有涨跌停制度吗,B股的涨跌幅限制
871,A股的成本价计做持仓成本时，计算公式是什么,A股股票成本价为持仓成本的计算方法
872,A股股票成本价是持仓成本的时候应该怎么计算,A股股票成本价为持仓成本的计算方法
873,不知道A股股票成本价等于持仓成本的时候是怎么得出的,A股股票成本价为持仓成本的计算方法
874,成本价为持仓成本时，a股成本价是多少,A股股票成本价为持仓成本的计算方法
875,打一张卓越版快捷键列表给我,卓越版网上交易软件有哪些快捷键
876,电脑卓越版快捷键介绍,卓越版网上交易软件有哪些快捷键
877,卓越版网上交易系统设置了哪些快捷键,卓越版网上交易软件有哪些快捷键
878,卓越版网上交易系统常用快捷键包括哪些,卓越版网上交易软件有哪些快捷键
879,电脑软件自选股恢复,卓越版网上交易软件恢复个性化数据方法
880,在卓越版里面恢复自定义设置要怎么操作,卓越版网上交易软件恢复个性化数据方法
881,不知道咋回事，卓越版上的个性数据不能正常显示,卓越版网上交易软件恢复个性化数据方法
882,如何操作卓越版app恢复个人数据,卓越版网上交易软件恢复个性化数据方法
883,要有多少金额才能参与心安增利,心安增利的参与条件（参与最低金额）
884,参加心安增利至少要多少钱,心安增利的参与条件（参与最低金额）
885,心安增利参与的最低金额是多少,心安增利的参与条件（参与最低金额）
886,5万能参加心安增利吗,心安增利的参与条件（参与最低金额）
887,怎么看融资、融券的利率,我司融资、融券利率如何查询
888,融资融券利率的查询途径,我司融资、融券利率如何查询
889,我想知道融资利率是多少在哪查,我司融资、融券利率如何查询
890,官网上能查融券利率,我司融资、融券利率如何查询
891,只存100在现金添利行不行,投资者参与现金添利的最低金额
892,追加参与现金添利金额的最低价是多少,投资者参与现金添利的最低金额
893,参与现金添利最少多少钱,投资者参与现金添利的最低金额
894,现金添利的参与价是多少钱起,投资者参与现金添利的最低金额
895,指e通能在OPPO手机上下载吗,手机交易软件（指e通）下载方法
896,手机上去哪里下载交易软件,手机交易软件（指e通）下载方法
897,指e通要登陆官网下载吗,手机交易软件（指e通）下载方法
898,怎么在appstore下载交易软件,手机交易软件（指e通）下载方法
899,每个企业的股权登记日都不同吗,什么是股权登记日
900,股权登记日是什么意思,什么是股权登记日
901,股权登记日一般是什么时候公布的,什么是股权登记日
902,股权登记日是当天卖出股票享受分红吗,什么是股权登记日
903,深圳那些分级基金不符合合并的要求,深圳市场分级基金合并、分拆规则
904,深圳什么分级基金不能合并,深圳市场分级基金合并、分拆规则
905,深市买了一支母基金，分拆规则是什么,深圳市场分级基金合并、分拆规则
906,深市分级基金分拆有什么限制,深圳市场分级基金合并、分拆规则
907,上海证券微信公众号能不能绑定融券账户,上海证券微信公众号能否绑定融资融券账户
908,上证微信公众号里绑不绑得了融资融券账户,上海证券微信公众号能否绑定融资融券账户
909,我想把我的信用账户跟微信公众号进行绑定,上海证券微信公众号能否绑定融资融券账户
910,微信公众号上不支持绑定信用账户吗,上海证券微信公众号能否绑定融资融券账户
911,封闭式基金的申购费用是怎么算的,如何计算封闭式基金的申购赎回费用及份额
912,封闭式基金的申购赎回费用按什么方法计算,如何计算封闭式基金的申购赎回费用及份额
913,封闭式基金赎回费用按照什么规则计算的,如何计算封闭式基金的申购赎回费用及份额
914,封闭式基金的申购费跟什么有关,如何计算封闭式基金的申购赎回费用及份额
915,我买股票可以零零散散的买吗,零股委托买卖规则
916,零股是不是随时都能卖,零股委托买卖规则
917,为什么零股委托后不能交易,零股委托买卖规则
918,零股交易是怎么规定的呢,零股委托买卖规则
919,理财产品的钱要什么时候会到呢,理财产品资金到账时间
920,到期时间理财产品的本金和利息会同时到账吗,理财产品资金到账时间
921,理财收益几个工作日内钱会打给我,理财产品资金到账时间
922,明天我的理财产品就到期了，明天本金能一起到账吗,理财产品资金到账时间
923,工行就在我家旁边那里可以办现金添利快速取现吧,快速取现支持的部分银行
924,不是所有银行都支持快速取现吗,快速取现支持的部分银行
925,工商银行能快速取现吗,快速取现支持的部分银行
926,目前有几家银行可以办理现金添利快速取现,快速取现支持的部分银行
927,快速取现可取资金被限制不能取,快速取现可取资金受限制的原因
928,现金添利快速取现取不了钱啊是因为昨天设置保留资金的原因吗,快速取现可取资金受限制的原因
929,快速取现可取资金在取的时候说是被限制了,快速取现可取资金受限制的原因
930,现金添利无法快速取现钱被锁在里面了,快速取现可取资金受限制的原因
931,我想知道我申请的君系列产品有没有成功,君系列产品申购确认查询方法
932,指e通上哪里能查君系列购买的确认情况,君系列产品申购确认查询方法
933,君系列产品申购后份额何时到账,君系列产品申购确认查询方法
934,我今天买了君得利怎么知道成功了没有,君系列产品申购确认查询方法
935,开通基金账户怎么一直不成功,基金账号开通失败原因
936,基金账户开通失败是怎么回事,基金账号开通失败原因
937,基金账户为什么会开通失败,基金账号开通失败原因
938,为啥基金账号没有开通成功呢,基金账号开通失败原因
939,股票冻结的原因可能是什么,股票冻结的原因
940,股票什么状态下会被冻结,股票冻结的原因
941,股票被冻结了不能卖是什么情况,股票冻结的原因
942,为什么我有一部分股票被冻结了不能卖出,股票冻结的原因
943,港股通委托有什么时间限制,港股通委托限制
944,港股通委托时间上有没有什么限制,港股通委托限制
945,什么时候可以委托港股通,港股通委托限制
946,港股通委托的时间是怎么安排的呢,港股通委托限制
947,电商平台怎样才能完成对角色的授权,电商服务平台如何进行角色授权
948,电商服务平台上面你干什么他干什么是怎么分的,电商服务平台如何进行角色授权
949,电商服务平台各部门各模块的角色授权是怎么分配的,电商服务平台如何进行角色授权
950,电商服务平台的角色授权是怎么分类的,电商服务平台如何进行角色授权
951,基金还在认购期我能换一家托管机构吗,处于认购期的基金能否转托管
952,上午认购的基金能不能办转托管,处于认购期的基金能否转托管
953,是不是在认购期间的基金都不能转托管啊,处于认购期的基金能否转托管
954,正在认购期间的基金不能转托管吧,处于认购期的基金能否转托管
955,是不是除了除息日其他时间卖出股票都有分红,除权、除息日卖出股票，是否仍享有分红
956,除息日卖掉了股票，分红还有我的份吗,除权、除息日卖出股票，是否仍享有分红
957,股权登记后一天买的股票有没有分红,除权、除息日卖出股票，是否仍享有分红
958,在除权日卖掉的股票是不是就没有分红了,除权、除息日卖出股票，是否仍享有分红
959,参加现金添利后钱怎么取出来,参与现金添利后如何操作取款
960,手机现金添利取现,参与现金添利后如何操作取款
961,现金添利取现的方法,参与现金添利后如何操作取款
962,不知道现金添利在哪把钱转出来啊,参与现金添利后如何操作取款
963,什么时候可以开通现金添利,参与现金添利的时间安排
964,参加现金添利的时间限制,参与现金添利的时间安排
965,每个月几号能买现金添利,参与现金添利的时间安排
966,现金添利的开放参与时间是怎么安排的,参与现金添利的时间安排
967,申请部门变更的正确步骤是怎样的,部门变更申请的操作步骤
968,申请部门的更换有没有操作的步骤告诉我啊,部门变更申请的操作步骤
969,我想换个部门不知道应该怎么弄啊,部门变更申请的操作步骤
970,如果想变更营业部的话该如何进行申请呢,部门变更申请的操作步骤
971,我刚才开通了B股现在要怎么交易呢,B股账户开立后何时可以使用
972,B股账号开了立马就能用吗,B股账户开立后何时可以使用
973,我今天开的B股账户是不是马上就能买股票了,B股账户开立后何时可以使用
974,B股开户过后要等几天才能划钱进来,B股账户开立后何时可以使用
975,跌停的股票还可以买吗,涨、跌停板股票能否交易
976,已经涨停板了还能买吗,涨、跌停板股票能否交易
977,跌停板的股票限制交易吗,涨、跌停板股票能否交易
978,看到一支股票跌停想抄底买入行不行,涨、跌停板股票能否交易
979,我在外地出差能不能在那里开创业板,异地能否开通创业板权限
980,我是在上海开通的创业板账户，那我能在北京开通创业板权限吗,异地能否开通创业板权限
981,我现在人在外地能在这儿的营业部开创业板吗,异地能否开通创业板权限
982,创业板能不能异地开通,异地能否开通创业板权限
983,现金添利设了保留额度后怎么计息,现金添利保留额度设置后如何计息
984,现金添利设了100元保留资金，还计息吗,现金添利保留额度设置后如何计息
985,早上9点保留的钱在现金添利这笔钱的收益算哪天的,现金添利保留额度设置后如何计息
986,往现金添利保留钱之后哪天开始计算收益,现金添利保留额度设置后如何计息
987,刚刚订阅了对账单，之前的对账单可以补寄给我吗,我以前没有订阅过对账单，现在想要补寄可以吗
988,没订阅对账单能补寄吗,我以前没有订阅过对账单，现在想要补寄可以吗
989,我这个月才订的对账单想要上个月的能不能补给我,我以前没有订阅过对账单，现在想要补寄可以吗
990,我之前的账户是没有开对账单的，现在想要可以吗,我以前没有订阅过对账单，现在想要补寄可以吗
991,融资买入的证券直接卖出为什么系统会自动还债,为什么客户进行担保证券A卖出，系统自动去偿还A的融资负债
992,卖出担保证券A的时候系统直接去偿还A的融资负债这是什么情况,为什么客户进行担保证券A卖出，系统自动去偿还A的融资负债
993,融资卖出会导致系统自动划钱去还融资的债是为什么,为什么客户进行担保证券A卖出，系统自动去偿还A的融资负债
994,为什么进行担保证券卖出是系统之家给我还融资负债了,为什么客户进行担保证券A卖出，系统自动去偿还A的融资负债
995,是不是当场就能得到转托管转入的结果,投资者在办理转托管转入后何时可得到确认
996,办理完基金转托管后过几个工作日确认,投资者在办理转托管转入后何时可得到确认
997,基金转托管确认时间是T加几天,投资者在办理转托管转入后何时可得到确认
998,转托管转入后几天能确定,投资者在办理转托管转入后何时可得到确认
999,注册账号时手机收不到6位数验证码怎么办,手机软件注册收不到验证码处理方法
1000,手机软件注册时发了3遍验证码手机都不行,手机软件注册收不到验证码处理方法
1001,手机注册的验证码怎么没有发给我,手机软件注册收不到验证码处理方法
1002,手机软件注册收不到验证码要找谁解决,手机软件注册收不到验证码处理方法
1003,什么情况下可以市价委托,市价委托的适用条件
1004,什么时间段接受市价委托,市价委托的适用条件
1005,集合竞价期间能不能进行市价委托,市价委托的适用条件
1006,市价委托的时间是什么时候,市价委托的适用条件
1007,上市公司股息红利个人所得税怎么计算的,上市公司股息红利个人所得税政策
1008,股票股息红利缴多少个人所得税,上市公司股息红利个人所得税政策
1009,获得股票红利后还要不要交所得税,上市公司股息红利个人所得税政策
1010,上市公司派发股息红利时要不要扣缴个人所得税,上市公司股息红利个人所得税政策
1011,点击微信公众号的哪里能进行客户号的绑定,上海证券微信公众号绑定客户号操作方法
1012,上海证券微信公众号怎么绑定客户号,上海证券微信公众号绑定客户号操作方法
1013,怎么在账号设置里把我的客户号跟你们的微信绑在一起,上海证券微信公众号绑定客户号操作方法
1014,怎么关联你们的公众号和我的客户号,上海证券微信公众号绑定客户号操作方法
1015,沪市股票连续跌停就会停牌吗,上海证券交易所停牌规则
1016,上市公司的股票交易出现什么情况会被上交所停牌,上海证券交易所停牌规则
1017,沪市什么情况下会停牌,上海证券交易所停牌规则
1018,为什么我买的沪市股票一直涨还被停牌了,上海证券交易所停牌规则
1019,上海那边分级基金合并有什么规矩,上海市场分级基金合并、分拆规则
1020,在上海如果需要合并分级基金有什么需要注意的吗,上海市场分级基金合并、分拆规则
1021,分级基金在沪市分拆是不是跟深市一样,上海市场分级基金合并、分拆规则
1022,当日在沪市申购的母基金，不能立即进行分拆吗,上海市场分级基金合并、分拆规则
1023,融资融券可充抵保证金的证券有哪些,如何查询融资融券可充抵保证金证券
1024,融资融券可充抵保证金证券在软件商那里能看,如何查询融资融券可充抵保证金证券
1025,融资融券可充抵保证金证券可以通过什么方法查看呢,如何查询融资融券可充抵保证金证券
1026,我想知道哪些证券属于融资融券可充抵保证金的证券,如何查询融资融券可充抵保证金证券
1027,官网上怎么查开放式基金今天的资产净值,如何查询开放式基金的单位资产净值
1028,开放式基金单位资产净值是怎么查的,如何查询开放式基金的单位资产净值
1029,开放式基金的资产净值在哪查,如何查询开放式基金的单位资产净值
1030,通过什么渠道能查到开放式基金的资产净值,如何查询开放式基金的单位资产净值
1031,我可以用信用账户买基金吗,融资融券信用账户是否可以买卖基金
1032,基金能用融资融券信用账户购买吗,融资融券信用账户是否可以买卖基金
1033,融资融券信用账户是否支持基金交易,融资融券信用账户是否可以买卖基金
1034,信用账户能不能进行基金交易的,融资融券信用账户是否可以买卖基金
1035,融资融券不同于普通证券的地方,融资融券交易与普通证券交易有何不同
1036,融资交易比普通的风险更大吧,融资融券交易与普通证券交易有何不同
1037,融资融券投资和一般证券投资的区别介绍,融资融券交易与普通证券交易有何不同
1038,融资融券交易跟普通证券的交易相比，存在几点差异,融资融券交易与普通证券交易有何不同
1039,什么app在网上投票比较好,哪些软件可以进行网络投票
1040,在什么APP上可以参与网络投票呢,哪些软件可以进行网络投票
1041,电脑卓越版软件能不能用来网络投票,哪些软件可以进行网络投票
1042,网络投票通过哪些软件平台操作,哪些软件可以进行网络投票
1043,发生连续竞价之后，价格是怎么算出来的,连续竞价时成交价格的确定
1044,连续竞价的成交价格跟哪些因素有关,连续竞价时成交价格的确定
1045,在连续竞价阶段是按照什么规则来确定成交价的呢,连续竞价时成交价格的确定
1046,连续竞价的时候成交价格是怎么确定下来的,连续竞价时成交价格的确定
1047,买了理财产品后应该怎么申请赎回啊,理财产品如何赎回/退出
1048,理财不想订了怎么退订,理财产品如何赎回/退出
1049,我先买的理财产品感觉不太好怎么退掉,理财产品如何赎回/退出
1050,急用钱怎么把理财产品抛出,理财产品如何赎回/退出
1051,开放式基金能办理隔夜委托不,开放式基金是否可以隔夜委托
1052,开放式基金能不能申请隔日委托,开放式基金是否可以隔夜委托
1053,开放式基金支持隔夜委托不,开放式基金是否可以隔夜委托
1054,开放式基金的业务包不包括隔夜委托,开放式基金是否可以隔夜委托
1055,开放式基金和封闭式基金的不同点体现在哪,开放式基金和封闭式基金的区别
1056,开放式基金和封闭式基金这两种基金之间的差异,开放式基金和封闭式基金的区别
1057,开放式基金和封闭式的有什么不一样的地方呢,开放式基金和封闭式基金的区别
1058,开放式基金和封闭式基金不是一回事吧,开放式基金和封闭式基金的区别
1059,开放式基金的募集时间段一般在多久之内呢,开放式基金的募集期限是多少
1060,开放式基金招募之后多久之后结束募集啊,开放式基金的募集期限是多少
1061,开放式基金募集时间长不长,开放式基金的募集期限是多少
1062,开放式基金募集时间不超过几个月,开放式基金的募集期限是多少
1063,如何确认君系列产品的赎回情况,君系列产品赎回确认查询方法
1064,查君系列赎回信息是在资金流水里面吗,君系列产品赎回确认查询方法
1065,我上午赎回的君系列理财请问钱到账了吗,君系列产品赎回确认查询方法
1066,君系列产品赎回后资金何时到账,君系列产品赎回确认查询方法
1067,我今天赎回基金退的钱什么时候能给我啊,基金赎回资金到账时间
1068,基金赎回钱在T加几天后到账,基金赎回资金到账时间
1069,基金赎回之后这个钱几个工作日能退给我啊,基金赎回资金到账时间
1070,基金操作赎回后资金等多久才会到账,基金赎回资金到账时间
1071,上午申购的基金现在不想申购了行不行,基金申购和赎回的委托能否撤销
1072,基金赎回委托了能不能退回来改成申购,基金申购和赎回的委托能否撤销
1073,基金申购以后能不能反悔,基金申购和赎回的委托能否撤销
1074,基金赎回委托发出后可以撤销吗,基金申购和赎回的委托能否撤销
1075,基金风险的等级分别是哪些,基金的风险等级有几类
1076,基金的风险程度从小到大怎么排的,基金的风险等级有几类
1077,基金风险分为哪几个等级,基金的风险等级有几类
1078,基金分了哪几类风险等级,基金的风险等级有几类
1079,股息差别税在卖股票后几天扣,股息差别税何时扣除
1080,股息差别税在卖出当天扣还是什么时候,股息差别税何时扣除
1081,股息差别税一般什么时候会扣掉啊,股息差别税何时扣除
1082,股息差别税在卖出股票后会马上扣除吗,股息差别税何时扣除
1083,我买了股票钱也扣了发现持仓里还是原来那些股票是怎么回事啊,股票已买入操作，资金已扣除，但持仓未显示
1084,股票已经买好了钱也扣掉了怎么持仓信息里面查不到啊,股票已买入操作，资金已扣除，但持仓未显示
1085,股票买入后为什么钱转走了，股票没到账,股票已买入操作，资金已扣除，但持仓未显示
1086,为什么股票交易之后钱已经扣了持仓里面却没有呢,股票已买入操作，资金已扣除，但持仓未显示
1087,股票委托好了想撤单的话要怎么做,股票委托撤单操作方法
1088,股票委托撤单具体是怎么操作的,股票委托撤单操作方法
1089,刚刚股票交易不小心点了市价委托该怎么撤销啊,股票委托撤单操作方法
1090,能不能在手机上委托股票撤单,股票委托撤单操作方法
1091,隔夜委托的价格一般怎么定,隔夜委托价格
1092,隔夜委托的价格是怎么确定的呢,隔夜委托价格
1093,夜市委托费用是按什么标准来收钱的,隔夜委托价格
1094,隔夜委托的时候价格是怎么规定的呢,隔夜委托价格
1095,能告诉我在哪查港股通的交易日历吗,港股通交易日历查询方法
1096,我想看下港股通的交易日历这个要怎么看,港股通交易日历查询方法
1097,打一张港股通交易时间表给我,港股通交易日历查询方法
1098,港股通交易日历,港股通交易日历查询方法
1099,哪些因素导致了港股通废单的产生,港股通交易废单常见原因
1100,为什么港股通交易会出现废单,港股通交易废单常见原因
1101,卖出港股通怎么变成了废单,港股通交易废单常见原因
1102,港股通交易废单率为什么这么高,港股通交易废单常见原因
1103,港股通交易的最小报价单位是零点几啊,港股通交易的最小申报单位
1104,不知道申报港股通的卖出数量最少是多少,港股通交易的最小申报单位
1105,港股通股票交易的最小变动单位是多少,港股通交易的最小申报单位
1106,港股通交易的最小变动单位是多少,港股通交易的最小申报单位
1107,港股通收取的资金汇率是按照交易当天计算的吗,港股通交收资金按哪一天的汇率进行结算
1108,清算港股通的交收资金的时候参考的是哪天的结算汇率,港股通交收资金按哪一天的汇率进行结算
1109,港股通交收资金汇率的结算标准,港股通交收资金按哪一天的汇率进行结算
1110,港股通交收资金按哪一天的汇率进行结算,港股通交收资金按哪一天的汇率进行结算
1111,港股通标的证券的代码是什么呢,港股通标的证券代码和简称
1112,港股通标的证券简称是什么,港股通标的证券代码和简称
1113,港股通标的证券的代码是怎样的,港股通标的证券代码和简称
1114,我怎么知道港股通标的证券的代码是什么,港股通标的证券代码和简称
1115,港股通标的有哪些,港股通标的有什么
1116,哪些都是港股通标的,港股通标的有什么
1117,港股通选择了哪些股票作为标的股,港股通标的有什么
1118,港股通标的包括什么啊,港股通标的有什么
1119,分笔成交的成交价是总价除以成交数量吗,分笔成交如何显示成交价格
1120,分笔成交后成交价格按加权平均数发布吗,分笔成交如何显示成交价格
1121,股票分成了几笔成交，成交价格显示的数字是什么,分笔成交如何显示成交价格
1122,股票分成了几笔成交，成交价显示的数字是怎么算的,分笔成交如何显示成交价格
1123,为什么我用百度浏览器打不开电商平台啊,电商服务平台的登录网址是什么
1124,不知道我是不是只能用谷歌浏览器上电商服务平台呢,电商服务平台的登录网址是什么
1125,电商服务平台的登陆连接是啥,电商服务平台的登录网址是什么
1126,电商平台是在哪里登的,电商服务平台的登录网址是什么
1127,在其他券商开通的创业板转签要收费吗,创业板转签是否收费
1128,创业板转签免收费用吗,创业板转签是否收费
1129,创业板转签有没有什么服务费要交啊,创业板转签是否收费
1130,创业板转签的费用是多少,创业板转签是否收费
1131,在其他券商开的创业板想转签要在哪个时间段办,创业板转签办理时间
1132,可以在几点钟办理创业板转签,创业板转签办理时间
1133,创业板转签是在几点到几点办理的,创业板转签办理时间
1134,我要在指e通上进行创业板转签几点到几点能弄,创业板转签办理时间
1135,创业板第一次开通的时间有规定吗,创业板首次开通办理时间
1136,第一次开通创业板，只要在交易日就能办理吗,创业板首次开通办理时间
1137,创业板首次开通什么时间可以办理,创业板首次开通办理时间
1138,下午3点之后还能不能首次开通创业板,创业板首次开通办理时间
1139,创业板能自动开通好权限不,创业板能否自动开通
1140,创业板是不是能自己开通呢,创业板能否自动开通
1141,炒股满2年的人直接就有创业板权限了吗,创业板能否自动开通
1142,是不是炒股满一定年限就自动开通创业板权限了,创业板能否自动开通
1143,哪里可以操作报价回购,报价回购哪里操作
1144,手机上能不能买报价回购,报价回购哪里操作
1145,我想在手机上操作报价回购可以吗,报价回购哪里操作
1146,有哪个客户端能够进行报价回购啊,报价回购哪里操作
1147,B股的红利一般什么时间打到我的账上呀,B股红利、红股到账时间
1148,B股红利怎么还没到账,B股红利、红股到账时间
1149,一般沪市B股的现金红利是马上就能到账户上吗,B股红利、红股到账时间
1150,B股红利会在最后交易日过后的第几天到账,B股红利、红股到账时间
1151,A股交收也是t+1吗,A股何时交收
1152,A股实行的是T加几交收制度啊,A股何时交收
1153,A股是当日交收的吗,A股何时交收
1154,A股是不是卖完立马拿钱那种,A股何时交收
1155,选取标的股票的时候要参考哪些条件,作为标的证券的股票应当符合哪些条件
1156,股票想变成标的证券要达到的条件很高吧,作为标的证券的股票应当符合哪些条件
1157,普通证券变成标的券难不难,作为标的证券的股票应当符合哪些条件
1158,成为标的证券需要的条件,作为标的证券的股票应当符合哪些条件
1159,证券竞价交易是按时间优先还是价格优先来成交,证券竞价交易成交原则
1160,证券竞价交易是谁先申请谁先成交吗,证券竞价交易成交原则
1161,股票在竞价交易的阶段有什么成交原则吗,证券竞价交易成交原则
1162,股票竞价买卖有什么讲究吗,证券竞价交易成交原则
1163,涨跌幅价格被规定在什么范围内,涨跌幅限制价格的计算公式
1164,股价上涨或下跌超过一个价就会受到限制，这个价格怎么算的,涨跌幅限制价格的计算公式
1165,股票的涨停跌停价格是怎么得出来的,涨跌幅限制价格的计算公式
1166,股票当前价格最多涨到开盘价的百分之多少,涨跌幅限制价格的计算公式
1167,心安增利的账单包括什么内容,心安增利账单信息
1168,心安增利每次操作都会记在账单上吗,心安增利账单信息
1169,寄给我的心安增利对账单能看到哪些信息,心安增利账单信息
1170,心安增利的账单主要包括哪些内容,心安增利账单信息
1171,心安增利的利息在T加几天分配,心安增利收益分配日
1172,心安增利的收益分配安排在什么时间,心安增利收益分配日
1173,心安增利收益分配时间是怎么规定的,心安增利收益分配日
1174,我在心安增利里获得的收益是什么时候分配的,心安增利收益分配日
1175,要不要给心安增利的管理人员缴纳管理费,心安增利管理人收取什么费用
1176,参与心安增利还要交钱给管理人吗,心安增利管理人收取什么费用
1177,心安增利管理人收的费用是业绩报酬吗,心安增利管理人收取什么费用
1178,心安增利集合计划管理人收的是什么费,心安增利管理人收取什么费用
1179,心安增利份额净值算起来麻烦吗,心安增利份额净值如何计算
1180,心安增利净值是哪个加哪个,心安增利份额净值如何计算
1181,心安增利份额的净值用什么算出来的,心安增利份额净值如何计算
1182,计算心安增利份额净值的公式是什么,心安增利份额净值如何计算
1183,心安增利的优势在哪里,心安增利的特点
1184,心安增利有什么特别之处,心安增利的特点
1185,心安增利的特色是什么,心安增利的特点
1186,心安增利的优势在哪,心安增利的特点
1187,心安增利的收益包括哪些部分,心安增利的收益构成
1188,心安增利的收益构成是怎样的,心安增利的收益构成
1189,心安增利的收益由哪些部分组成,心安增利的收益构成
1190,心安增利收益是指什么,心安增利的收益构成
1191,买的心安增利属于哪种资产形式,心安增利的类型
1192,买的心安增利属于那种资产形式,心安增利的类型
1193,我想了解下心安增利的产品类型,心安增利的类型
1194,心安增利分为了哪几种,心安增利的类型
1195,我在外地想卖一支股票在网上协商佣金行不行,协商佣金是否一定要前往营业部
1196,必须要营业厅才能协商佣金吗,协商佣金是否一定要前往营业部
1197,佣金在线不能协商嘛非要跑到营业部吗,协商佣金是否一定要前往营业部
1198,手续费和佣金不一样、我在外地想卖一支股票在网上协商佣金行不行,协商佣金是否一定要前往营业部
1199,退出现金添利有没有手续费,现金添利退出费用
1200,现金添利取消费用是总金额的百分之几,现金添利退出费用
1201,现金添利退出要扣手续费吗,现金添利退出费用
1202,退出现金添利要收费吗,现金添利退出费用
1203,现金添利不参加了怎么办,现金添利退出方式
1204,可以通过什么软件退出现金添利,现金添利退出方式
1205,现金添利产品不想再续了从哪个APP上能退订,现金添利退出方式
1206,账户不想继续现金添利业务了怎么退掉,现金添利退出方式
1207,根据什么数据计算现金添利收益,现金添利收益计算公式
1208,怎么计算现金添利的收益,现金添利收益计算公式
1209,现金添利收益怎么算,现金添利收益计算公式
1210,现金添利收益怎么算出来的,现金添利收益计算公式
1211,现金添利分配收益的时候要按什么规定来,现金添利收益分配原则
1212,现金添利依据什么原则分配收益,现金添利收益分配原则
1213,现金添利收益的分红是按照什么规定分的,现金添利收益分配原则
1214,怎么分配现金添利的收益了,现金添利收益分配原则
1215,我在现金添利的交易收益什么时候发过来,现金添利收益到账时间
1216,我什么时候能收到现金添利的收益,现金添利收益到账时间
1217,现金添利收益是每个月分别计算到账的吗,现金添利收益到账时间
1218,参与现金添利的收益多久到账,现金添利收益到账时间
1219,现金添利的快速取现比保留额度更快捷吗,现金添利快速取现和保留额度的区别
1220,快速取现和保留额度的不同在哪里,现金添利快速取现和保留额度的区别
1221,现金添利快速取现和保留额度是不一样的吗,现金添利快速取现和保留额度的区别
1222,现金添利快速取现和保留额度是一回事吗,现金添利快速取现和保留额度的区别
1223,现金添利快速取现的条件限制,现金添利快速取现的条件
1224,我现金添利里面存了10万有资格快速取现吗,现金添利快速取现的条件
1225,现金添利是不是什么人都能快速取现,现金添利快速取现的条件
1226,达到什么条件才能现金添利快速取现,现金添利快速取现的条件
1227,现金添利什么时候可以操作快速取现,现金添利快速取现操作时间
1228,交易日的几点能够现金添利快速取现,现金添利快速取现操作时间
1229,现金添利快速取现的时间规定,现金添利快速取现操作时间
1230,那个时间段可以现金添利快速取现,现金添利快速取现操作时间
1231,现金添利解约之后收益啥时候到账,现金添利解约收益到账时间
1232,现金添利解约后收益在哪一天到账,现金添利解约收益到账时间
1233,现金添利今天下午退订利息在T加几天后到账,现金添利解约收益到账时间
1234,今天跟现金添利解除合同什么时候能取利息,现金添利解约收益到账时间
1235,现金添利对账单的邮箱地址有误要去柜台才能改吗,现金添利对账单的邮箱地址如何修改
1236,现金添利对账单寄到我另一个邮箱怎么改信息,现金添利对账单的邮箱地址如何修改
1237,现金添利对账单我想改寄到我爸邮箱里怎么改,现金添利对账单的邮箱地址如何修改
1238,现金添利对账单改邮寄地址是在网上办还是到证券公司办,现金添利对账单的邮箱地址如何修改
1239,介绍一下现金添利的特殊之处,现金添利的特点
1240,现金添利有什么优点,现金添利的特点
1241,为什么要选择现金添利,现金添利的特点
1242,现金添利利息很高吗,现金添利的特点
1243,使用现金添利我能从哪些地方获得利润,现金添利的收益构成
1244,主要是哪些渠道构成了现金添利的收益来源,现金添利的收益构成
1245,现金添利的收益有哪几部分,现金添利的收益构成
1246,现金添利利息一共分几个部分,现金添利的收益构成
1247,现金添利产品的运作有法律支持吗,现金添利的决策依据
1248,现金添利的最高准则是什么,现金添利的决策依据
1249,现金添利集合计划以什么作为决策依据,现金添利的决策依据
1250,现金添利做决策时依据的法规是什么,现金添利的决策依据
1251,我要如何申请开通现金添利的对账单,现金添利的对账单应该如何开通
1252,开通现金添利对账单要不要签什么合同之类的,现金添利的对账单应该如何开通
1253,我要开通现金添利的对账单,现金添利的对账单应该如何开通
1254,现金添利对账单是自动开还是要我人去开,现金添利的对账单应该如何开通
1255,暂时不想搞现金添利怎么让他先停2个月,现金添利“暂停”操作途径
1256,想暂停现金添利在哪操作,现金添利“暂停”操作途径
1257,现金添利暂停功能是怎么用的,现金添利“暂停”操作途径
1258,怎么操作现金添利暂停,现金添利“暂停”操作途径
1259,过去几个月的对账单补寄得了吗,我想要补寄前几个月的对账单可以吗
1260,补寄之前的对账单,我想要补寄前几个月的对账单可以吗
1261,能不能给我补一下前两个月的对账单,我想要补寄前几个月的对账单可以吗
1262,上几个月的对账单也发给我吧,我想要补寄前几个月的对账单可以吗
1263,网络投票撤不撤得了单,网络投票能否撤单
1264,网上投票怎么撤回,网络投票能否撤单
1265,能不能撤回刚网上投的票,网络投票能否撤单
1266,网络投票是一次性的吗,网络投票能否撤单
1267,在网上交易软件上怎么进行投票,网络投票操作流程
1268,网络投票是怎么投的,网络投票操作流程
1269,网络投票途径,网络投票操作流程
1270,在哪可以进行网络投票呀,网络投票操作流程
1271,退出报价回购多久能收到本金,退出报价回购资金何时到账
1272,报价回购退出当天所得的本金加利息也是当天打给我吗,退出报价回购资金何时到账
1273,退出报价回购后我的本金什么时候可以用,退出报价回购资金何时到账
1274,退出报价回购的资金什么时候能够的到账,退出报价回购资金何时到账
1275,就近的营业部商量降低佣金可以吗,是否能和就近营业部协商佣金
1276,我嫌佣金太贵了能不能就近找家营业部商量商量,是否能和就近营业部协商佣金
1277,不想跑太远能不能和我家楼下的营业部协商佣金,是否能和就近营业部协商佣金
1278,手续费和佣金不一样、卖股票的佣金找谁协商找家门口的营业部行吗,是否能和就近营业部协商佣金
1279,融资融券交易指的是什么,什么是融资融券
1280,何谓融资融券交易,什么是融资融券
1281,不太理解融资融券交易是啥意思,什么是融资融券
1282,帮我讲解一下融资融券交易的意思,什么是融资融券
1283,本方最优价格是限定委托时的买一或卖一价格吗,什么是本方最优价格申报
1284,不知道本方最优价格申报是什么,什么是本方最优价格申报
1285,本方最优价格申报是什么意思,什么是本方最优价格申报
1286,什么是本方最优价格申报,什么是本方最优价格申报
1287,介绍下B股呗,什么是B股
1288,B股就是人民币特种股票吗,什么是B股
1289,怎么理解B股的意思,什么是B股
1290,B股指的是什么股票,什么是B股
1291,"进入集合竞价,但未成交的股票,怎么办",上午集合竞价未成交如何处理
1292,开盘集合竞价没成交的股票会被系统自动撤单吗,上午集合竞价未成交如何处理
1293,集合竞价没有成交的委托开盘后继续有效吗,上午集合竞价未成交如何处理
1294,在集合竞价没有成交的话，这申购还有必要在留着吗,上午集合竞价未成交如何处理
1295,投诉,上海证券投诉流程
1296,你们销售服务水平真差,上海证券投诉流程
1297,我想投诉你们的工作人员,上海证券投诉流程
1298,你们的工作人员态度不行，我要投诉他的话要走啥流程,上海证券投诉流程
1299,我交了7块佣金那佣金率是千分之几,如何计算佣金率
1300,佣金率计算起来麻烦吗,如何计算佣金率
1301,佣金率是拿什么比什么算出来的,如何计算佣金率
1302,佣金率是怎么计算出来的,如何计算佣金率
1303,开放式基金申购份额的计算公式,如何计算开放式基金的申购费用及申购份额
1304,算开放式基金申购费用是申购金额乘申购费率吗,如何计算开放式基金的申购费用及申购份额
1305,开放式基金申购份额是如何计算的,如何计算开放式基金的申购费用及申购份额
1306,计算开放式基金申购份额的公式,如何计算开放式基金的申购费用及申购份额
1307,怎么看现金红利有没有到我账上啊,如何查询现金红利是否到账
1308,我在哪查询现金红利的到账情况,如何查询现金红利是否到账
1309,现金红利现在能不能使用,如何查询现金红利是否到账
1310,我怎么知道我的现金红利到没到账,如何查询现金红利是否到账
1311,融资融券的标的证券在哪能看到,如何查询融资融券标的证券
1312,我想知道融资融券有哪些股票可以交易,如何查询融资融券标的证券
1313,融资融券标的证券能不能再手机软件上查,如何查询融资融券标的证券
1314,上哪能查到融资融券的标的证券,如何查询融资融券标的证券
1315,客户号在哪里查,如何查询客户号
1316,我客户号忘记了,如何查询客户号
1317,我忘了我的客户号是多少了怎么办,如何查询客户号
1318,客户号在哪查,如何查询客户号
1319,股票在交易的时候对交易数量有没有什么相关规定,买卖股票数量规定
1320,股票申购的单位是多少,买卖股票数量规定
1321,买入股票时最多申报多少股,买卖股票数量规定
1322,关于每笔股票交易的申报数量有没有什么限制,买卖股票数量规定
1323,我要辞职了，那我的离职申请要怎么发起,离职申请的操作步骤
1324,我要辞职了，要办哪些手续,离职申请的操作步骤
1325,离职的流程是怎样的,离职申请的操作步骤
1326,辞职,离职申请的操作步骤
1327,买理财产品之后开通的对账单现在能关掉吗,可以关闭理财产品对账单吗
1328,理财产品对账单怎么关闭呢,可以关闭理财产品对账单吗
1329,理财产品对账单取消不了吗,可以关闭理财产品对账单吗
1330,可以退订理财产品的对账单吗,可以关闭理财产品对账单吗
1331,开户当天可不可以办创业板的转签,开户成功当天能否办理创业板转签
1332,可以在开户成功当天一起把创业板转签了吗,开户成功当天能否办理创业板转签
1333,创业板转签和开户能不能在同一天进行,开户成功当天能否办理创业板转签
1334,刚刚开立了A股账户能不能顺便办理创业板转签,开户成功当天能否办理创业板转签
1335,开放式基金申购赎回的未知价原则有哪几种,"开放式基金申购赎回的""未知价原则"""
1336,开放式基金的那个未知价原则是怎么回事啊,"开放式基金申购赎回的""未知价原则"""
1337,开放式基金的申购赎回未知价原则说的是啥,"开放式基金申购赎回的""未知价原则"""
1338,未知价原则具体说的是什么,"开放式基金申购赎回的""未知价原则"""
1339,开放式基金的分红设成现金分红的形式,开放式基金分红方式设置方法
1340,我在哪设置开放式基金的分红方式,开放式基金分红方式设置方法
1341,怎么在开放式基金里设置红利再投资,开放式基金分红方式设置方法
1342,我想每次开放式基金的分红都能以现金分红的方式接收,开放式基金分红方式设置方法
1343,改一下开放式基金分红方式能不能在手机上操作,开放式基金分红方式变更方法
1344,把开放式基金的分红方式换成现金分红,开放式基金分红方式变更方法
1345,开放式基金的分红方法通过什么渠道可以更改,开放式基金分红方式变更方法
1346,如何操作变更开放式基金的分红模式,开放式基金分红方式变更方法
1347,开放式基金的认购和申购具体不一样在哪,开放式基金的认购和申购有什么区别
1348,在开放式基金里面认购和申购不是一个意思吗,开放式基金的认购和申购有什么区别
1349,开放式基金的认购和申购是一回事吗,开放式基金的认购和申购有什么区别
1350,认购和申购开放式基金是不一样的吗,开放式基金的认购和申购有什么区别
1351,可以通过什么软件退出君系列,君系列产品退出途径
1352,通过什么渠道退出君系列产品,君系列产品退出途径
1353,君系列产品可以在手机上退吗,君系列产品退出途径
1354,在哪办理君系列产品退出,君系列产品退出途径
1355,在哪里能进行君得盛的赎回,君系列产品赎回操作方法
1356,君系列产品要怎么赎回呢,君系列产品赎回操作方法
1357,我不知道怎么赎回君系列产品,君系列产品赎回操作方法
1358,购买的君系列产品要怎么赎回,君系列产品赎回操作方法
1359,君系列的产品分为很多种吗,君系列包括哪些产品
1360,君系列产品包含的产品到底有哪些呢,君系列包括哪些产品
1361,哪些理财是君系列旗下的,君系列包括哪些产品
1362,君系列一共出售几种产品,君系列包括哪些产品
1363,我不想要收纸质的基金对账单了,基金对账单是否可以取消
1364,基金公司不要再给我寄对账单了,基金对账单是否可以取消
1365,能不能不要寄基金对账单了,基金对账单是否可以取消
1366,基金对账单一般是在哪取消的,基金对账单是否可以取消
1367,我搬家了怎么把基金对账单的收件地址改成我的新家,基金对账单如何修改地址
1368,我搬家了基金对账单还是寄到原来的地方去了要怎么办啊,基金对账单如何修改地址
1369,哪里可以修改基金对账单的收件地址<<哪里可以修改XXX,基金对账单如何修改地址
1370,基金对账单修改地址的方法,基金对账单如何修改地址
1371,沪港通里面的标的证券和深港通里面的标的证券范围有什么不同,沪港通标的证券和深港通标的证券区别
1372,沪港通标的证券和深港通标的证券范围有什么不同,沪港通标的证券和深港通标的证券区别
1373,介绍下沪港通的标的证券和深港通的哪里不同,沪港通标的证券和深港通标的证券区别
1374,沪港通标的证券和深港通的有什么不一样的地方,沪港通标的证券和深港通标的证券区别
1375,沪港两市在交易上有什么区别吗,沪港股票交易规则差异
1376,沪港股票交易有哪些区别啊,沪港股票交易规则差异
1377,港股和A股有什么不同,沪港股票交易规则差异
1378,H股的交易规则跟A股有哪些差别,沪港股票交易规则差异
1379,是不是总监级别以上转部门了要申请,何时需要进行部门变更申请
1380,哪个岗位的员工换部门了需要申请部门变更,何时需要进行部门变更申请
1381,哪些情形要求员工要进行部门变更申请,何时需要进行部门变更申请
1382,部门变更申请是在什么情况下使用的,何时需要进行部门变更申请
1383,刚刚卖出股票的资金没有打到账上,股票已卖出操作，资金未到账的原因
1384,股票卖了怎么还没拿到钱,股票已卖出操作，资金未到账的原因
1385,卖了股票之后账上的钱没变怎么搞的,股票已卖出操作，资金未到账的原因
1386,点了卖出股票为什么账户没收到钱,股票已卖出操作，资金未到账的原因
1387,你们官网上能查到你们公司的公告吗,公司公告在哪里查
1388,你们公司出的公告一般可以通过什么渠道查阅,公司公告在哪里查
1389,企业公告在什么地方可以看,公司公告在哪里查
1390,不知道在哪能看到你司的公告消息呢,公司公告在哪里查
1391,散户开港股通要求高不高,个人投资者开通港股通的要求
1392,我想开个港股通要符合什么条件,个人投资者开通港股通的要求
1393,散户开港股通有什么条件,个人投资者开通港股通的要求
1394,个人投资者想要开通港股通的话需要达到什么要求,个人投资者开通港股通的要求
1395,我能在什么时间进行隔夜委托,隔夜委托时间
1396,收盘后想申请明天的委托要等到几点才能办,隔夜委托时间
1397,隔夜委托可以在什么时间段内进行,隔夜委托时间
1398,周末提不提供隔夜委托服务,隔夜委托时间
1399,港股通资金拿什么软件能看,港股通资金查询方法
1400,查港股通资金是不是要去柜台,港股通资金查询方法
1401,在哪能看到港股通的持仓情况,港股通资金查询方法
1402,怎样操作查询港股通资金余额,港股通资金查询方法
1403,港股通权限开通完成后，要等几天才能用,港股通开通生效时间
1404,开通港股通后权限是即刻开通的吗,港股通开通生效时间
1405,开通港股通以后什么时候生效啊,港股通开通生效时间
1406,我开通港股通权限后，立马就能进行交易吗,港股通开通生效时间
1407,港股通交易日的安排计划是怎样的,港股通交易日是怎样安排的
1408,港股通的交易日根据什么确定,港股通交易日是怎样安排的
1409,哪些天属于港股通交易日,港股通交易日是怎样安排的
1410,我想知道港股通股票交易日安排在哪些天,港股通交易日是怎样安排的
1411,港股通的分红方式包括哪些,港股通分红方式
1412,港股通的分红方式有哪几种呢,港股通分红方式
1413,港股通除了现金分红还有什么方式啊,港股通分红方式
1414,港股通分红和其他证券一样吗,港股通分红方式
1415,如果开通分级基金权限可以立即生效吗,分级基金权限开通后生效时间
1416,开通分级基金是在T加几天生效,分级基金权限开通后生效时间
1417,分级基金开通后过多久可以生效,分级基金权限开通后生效时间
1418,分级基金开通后多长时间可以拥有交易权限,分级基金权限开通后生效时间
1419,电商服务平台可以查询哪些信息啊,电商服务平台有什么作用
1420,在电商服务平台上能不能查开户信息,电商服务平台有什么作用
1421,电商服务平台开了是用来干嘛的,电商服务平台有什么作用
1422,电商平台上面可以进行哪些操作呢,电商服务平台有什么作用
1423,电商平台的保密书怎么找不到哪里签啊,电商服务管理平台用户保密承诺书如何签署
1424,那个电商平台的保密书是在哪里签的啊,电商服务管理平台用户保密承诺书如何签署
1425,电商服务管理平台用户保密承诺书在电脑上签还是在纸上签,电商服务管理平台用户保密承诺书如何签署
1426,电商服务管理平台用户保密承诺书要不要本人去柜台签,电商服务管理平台用户保密承诺书如何签署
1427,场外开放式基金上午刚开的户下午能不能进行基金认购,当日新开立的场外开放式基金账户能否认购或申购基金
1428,当日新开立的场外开放式基金账户能不能申购基金,当日新开立的场外开放式基金账户能否认购或申购基金
1429,刚刚开立了场外开放式基金账户想立即认购基金可以吗,当日新开立的场外开放式基金账户能否认购或申购基金
1430,场外开放式基金账户开通好之后能在当天申购吗,当日新开立的场外开放式基金账户能否认购或申购基金
1431,担保的证券和资金要通过什么方式转入到融资融券的信用账户里啊,担保证券和担保资金怎么转入融资融券信用账户
1432,担保的证券和资金能转入到融资融券的信用账户里面吗,担保证券和担保资金怎么转入融资融券信用账户
1433,担保证券和资金要怎么才能转到融资融券账户上呢,担保证券和担保资金怎么转入融资融券信用账户
1434,在交易软件哪里可以进行融资融券担保物转入操作,担保证券和担保资金怎么转入融资融券信用账户
1435,不知道创业板和主板在退市制度上有什么不一样的,创业板与主板在退市制度方面的区别
1436,退市方面针对创业板和主板都有什么规定,创业板与主板在退市制度方面的区别
1437,创业板是不是可以直接退市主板还要办好多手续,创业板与主板在退市制度方面的区别
1438,在创业板退市跟在主板退市要求是一样的吗,创业板与主板在退市制度方面的区别
1439,第一次开通创业板收费吗,创业板首次开通是否收费
1440,不知道第一次办理创业板有什么费用要交啊,创业板首次开通是否收费
1441,创业板首次开通要交钱吗,创业板首次开通是否收费
1442,问下从来都没开过创业板的人想开下权限要手续费不,创业板首次开通是否收费
1443,我打的新股想撤单为什么撤不了,撤单失败的原因
1444,哪几种情况是不能撤单的,撤单失败的原因
1445,能告诉我为什么点不了撤单吗,撤单失败的原因
1446,我怎么撤单失败了,撤单失败的原因
1447,现金添利当天操作了快速取现能否继续设置资金保留额度,操作快速取现当天是否能设置资金保留额度
1448,快速取现的同时能不能设置资金保留额度呢,操作快速取现当天是否能设置资金保留额度
1449,不知道快速取现后影不影响资金保留的额度啊,操作快速取现当天是否能设置资金保留额度
1450,今天已经进行过快速取现，资金保留额度设置得了吗,操作快速取现当天是否能设置资金保留额度
1451,什么时间能参与君系列产品,参与君系列产品的时间安排
1452,君系列产品的开放时间是怎么规定的呢,参与君系列产品的时间安排
1453,君系列有开放期吗,参与君系列产品的时间安排
1454,每天都能参与君系列产品吗,参与君系列产品的时间安排
1455,在哪里能开通报价回购,报价回购如何开通
1456,报价回购怎么开通,报价回购如何开通
1457,我想开通报价回购,报价回购如何开通
1458,我想办理报价回购要怎么做啊,报价回购如何开通
1459,报价回购的利息计算公式是什么啊,报价回购利息怎么算
1460,不知道报价回购利息是怎么得出的,报价回购利息怎么算
1461,报价回购每天收益多少,报价回购利息怎么算
1462,准备投资10000在报价回购里面想提前知道一下利息,报价回购利息怎么算
1463,报价回购权限开通后是次日生效吗,报价回购开通生效时间
1464,开通了报价回购的权限是即时生效的吗,报价回购开通生效时间
1465,开通报价回购权限后过多久就可以用了,报价回购开通生效时间
1466,当天开通报价回购当天就能使用吗,报价回购开通生效时间
1467,报价回购的产品类别能介绍一下嘛,报价回购的品种
1468,介绍一下报价回购可以买卖的产品品种,报价回购的品种
1469,按照报价回购的期限分为那些,报价回购的品种
1470,有今天投资明天就能收益的报价回购产品吗,报价回购的品种
1471,保留设置后什么时候拿到钱,保留设置后资金何时到账
1472,保留设置之后资金大概多久会到我户头上呢,保留设置后资金何时到账
1473,不知道保留设置后资金什么时候能到我账户上呢,保留设置后资金何时到账
1474,保留资金设置后是不是马上就能到我卡上了,保留设置后资金何时到账
1475,B股开户的手续费是不是跟A股一样,B股账户开户费用
1476,B股开户的是要交多少钱啊呢,B股账户开户费用
1477,我在深圳开B股账户要交多少港币啊,B股账户开户费用
1478,B股开个账号是20还是30美元来着,B股账户开户费用
1479,B股的交易时间段是几点,B股交易时间
1480,为啥我这个时候买不了B股了,B股交易时间
1481,B股每天几点就不能卖了,B股交易时间
1482,B股的买卖时间是不是和A股一样,B股交易时间
1483,买卖B股的时候资金账户要是什么币种,B股交易币种
1484,B股是用什么币种申购赎回的,B股交易币种
1485,B股的交收币种包括哪些,B股交易币种
1486,B股可以用哪些货币进行交收,B股交易币种
1487,B股股权登记日是交易日之后的第几天呢,B股股权登记日
1488,我想知道B股的股权登记日是哪一天,B股股权登记日
1489,B股的股权登记日是怎么规定的,B股股权登记日
1490,B股登记是在哪一天第三个交易日吗,B股股权登记日
1491,B股交易的种类有哪几种,B股的交易品种有哪些
1492,可以进行买卖的B股品种分为哪些,B股的交易品种有哪些
1493,B股交易是不是分上海深圳两种,B股的交易品种有哪些
1494,B股买卖只有上海的吗,B股的交易品种有哪些
1495,B股的股权登记日还有最后交易日是两个不同的概念吧,"B股的""股权登记日""与""最后交易日""的区别"
1496,如何分辨B股股票的最后交易日和股权登记日,"B股的""股权登记日""与""最后交易日""的区别"
1497,B股的最后交易日和股权登记日不一样吗,"B股的""股权登记日""与""最后交易日""的区别"
1498,B股股权登记日是不是就是最后交易日,"B股的""股权登记日""与""最后交易日""的区别"
1499,a股成本价等于买入均价时怎么算出股票盈亏,A股股票成本价为买入均价时的股票盈亏计算
1500,a股股票成本价为买入均价时怎么得出股票盈亏,A股股票成本价为买入均价时的股票盈亏计算
1501,A股成本价是买入均价时，股票盈亏根据什么计算,A股股票成本价为买入均价时的股票盈亏计算
1502,A股股票成本价是买入均价时的股票盈亏应该怎么算,A股股票成本价为买入均价时的股票盈亏计算
1503,A股成本等同于持仓成本的话股票盈亏是不是就是股票市值减掉总买入金额,A股股票成本价为持仓成本时的股票盈亏计算
1504,A股股票成本价是持仓成本时的股票盈亏应该怎么算,A股股票成本价为持仓成本时的股票盈亏计算
1505,成本价正好是持仓成本那么这时候A股盈亏该怎么得出来,A股股票成本价为持仓成本时的股票盈亏计算
1506,A股股票成本价等于持仓成本的时候股票盈亏的计算有什么不同么,A股股票成本价为持仓成本时的股票盈亏计算
1507,A股的成本价是保本价那他的股票盈亏计算公式是啥,A股股票成本价为保本价时的股票盈亏计算
1508,A股成本和保本价一样的时候盈亏等于多少,A股股票成本价为保本价时的股票盈亏计算
1509,A股成本等同于保本价的话股票盈亏是不是就是股票市值减掉总买入金额,A股股票成本价为保本价时的股票盈亏计算
1510,A股股票成本价等于保本价的时候股票盈亏的计算有什么不同么,A股股票成本价为保本价时的股票盈亏计算
1511,A股成本价是根据什么方式得出的,A股股票成本价的计算方法
1512,我想算一下A股股票的成本价要怎么算呢,A股股票成本价的计算方法
1513,网上说的那些A股股票成本是怎么来的,A股股票成本价的计算方法
1514,A股股票的成本价是怎么算的,A股股票成本价的计算方法
1515,app界面有什么东西,APP菜单可以查询哪些内容
1516,APP菜单能查到掌厅的哪些业务,APP菜单可以查询哪些内容
1517,在APP菜单里能查到些啥啊,APP菜单可以查询哪些内容
1518,我可以用APP菜单查哪些东西呢,APP菜单可以查询哪些内容
1519,股票交易中的竞价方式包括哪些,证券竞价交易方式
1520,股票可以用哪几种方法竞价,证券竞价交易方式
1521,证券的价格是怎么竞标上去的,证券竞价交易方式
1522,证券竞价交易有几种,证券竞价交易方式
1523,我今天预约取款了，那我能晚两天在去取吗,预约取款的有效期限
1524,预约提现后几天内要去办,预约取款的有效期限
1525,预约取款后，这钱能保留多久,预约取款的有效期限
1526,我预约了取钱，那我要在什么时间段取出来,预约取款的有效期限
1527,股票账户是不是免费开的,新开股东账号是否收费
1528,新开一个股东账号每户多少钱,新开股东账号是否收费
1529,新开股东账号免费吗还是要收服务费,新开股东账号是否收费
1530,我在网上开股东账号的话要收我开户费吗,新开股东账号是否收费
1531,心安增利是怎么进行收益分配的,心安增利收益分配原则
1532,心安增利的收益是按照什么规则来分配的,心安增利收益分配原则
1533,心安增利分配收益的时候要按什么规定来,心安增利收益分配原则
1534,心安增利利息是怎么分的,心安增利收益分配原则
1535,心安增利收益什么时候会到账,心安增利收益到账时间
1536,心安增利利息几号到我卡上,心安增利收益到账时间
1537,我什么时候能收到心安增利的收益,心安增利收益到账时间
1538,心安增利利息到账是每个季度的几号,心安增利收益到账时间
1539,心安增利的代码是多少,心安增利的代码
1540,查一下心安增利的代码,心安增利的代码
1541,几开头的代码是心安增利代码,心安增利的代码
1542,心安增利代码是怎么构成的,心安增利的代码
1543,我要在现金添利预约取款怎么操作,现金添利预约取款的操作途径
1544,通过卓越版软件也能操作现金添利预约取现吧,现金添利预约取款的操作途径
1545,现金添利的钱能不能在手机上预约取,现金添利预约取款的操作途径
1546,怎么在现金添利进行预约取款,现金添利预约取款的操作途径
1547,现金添利理财随时退吗,现金添利退出办理时间
1548,是不是每天都能退出现金添利产品,现金添利退出办理时间
1549,现金添利产品开放那天能不能办退订,现金添利退出办理时间
1550,交易日都能办理现金添利退出,现金添利退出办理时间
1551,现金添利分红是每个月一发还是每周一发,现金添利何时分红
1552,现金添利分红的钱哪天到账,现金添利何时分红
1553,现金添利的分红时间,现金添利何时分红
1554,现金添利在哪一天分红,现金添利何时分红
1555,电脑软件,网上交易软件下载方法
1556,网上软件,网上交易软件下载方法
1557,电脑在哪里能下载交易软件,网上交易软件下载方法
1558,电脑上要下载卓越版的话直接上官网就行了吗,网上交易软件下载方法
1559,有没有专门介绍现金添利的网站,投资者如何了解现金添利有关信息
1560,如何获取现金添利产品信息,投资者如何了解现金添利有关信息
1561,有关现金添利的具体详情在官网能看到吗,投资者如何了解现金添利有关信息
1562,在哪看现金添利的产品介绍,投资者如何了解现金添利有关信息
1563,特征码解绑时手机没有验证码怎么处理,特征码绑定/解绑时验证码没收到怎么办
1564,特征码绑定的验证码怎么发到手机上去,特征码绑定/解绑时验证码没收到怎么办
1565,为什么特征码绑定收不到短信,特征码绑定/解绑时验证码没收到怎么办
1566,绑定特征码时没有验证码发过来咋办,特征码绑定/解绑时验证码没收到怎么办
1567,摊薄保本价格就是原始摊薄保本乘原始证券数量吗,摊薄保本价如何计算
1568,摊薄保本价计算公式,摊薄保本价如何计算
1569,摊薄保本价算起来麻烦吗,摊薄保本价如何计算
1570,我买了一只股票要怎么算它的摊薄保本价,摊薄保本价如何计算
1571,市价委托的委托类型分为了哪几种,市价委托的类型有哪些
1572,市价委托可以选择哪几个交易方式,市价委托的类型有哪些
1573,市价委托是全额成交还是撤销申报,市价委托的类型有哪些
1574,那种证券可以进行市价委托,市价委托的类型有哪些
1575,上海证券微信公众号能查到已购买的理财产品吗,上海证券微信公众号理财功能介绍
1576,上海证券微信号理财板块,上海证券微信公众号理财功能介绍
1577,上海证券微信公众号可以办理基金赎回吗,上海证券微信公众号理财功能介绍
1578,上海证券微信公众号理财方面有哪些功能,上海证券微信公众号理财功能介绍
1579,闪电通不能装,上海证券手机交易软件安装失败处理方法
1580,玉如翼不能装,上海证券手机交易软件安装失败处理方法
1581,上海证券手机交易客户端安无法安装怎么办,上海证券手机交易软件安装失败处理方法
1582,我的手机上装不了你们的软件,上海证券手机交易软件安装失败处理方法
1583,闪电通iPhone版怎么下载,闪电通手机交易软件下载方法
1584,苹果手机在AppStore下闪电通吗,闪电通手机交易软件下载方法
1585,华为手机哪里能下载闪电通,闪电通手机交易软件下载方法
1586,下载闪电通的途径有哪些,闪电通手机交易软件下载方法
1587,我想申购君系列产品要上哪里去买,君系列产品申购操作方法
1588,君系列理财手机上能不能买,君系列产品申购操作方法
1589,在指e通上申购君得盛要怎么做来着,君系列产品申购操作方法
1590,君系列产品的申购流程是怎么样的,君系列产品申购操作方法
1591,今天申请退出心安增利什么时候能确认情况,何时可以查询心安增利退出申请状态
1592,申请退出心安增利几天后能查询申请状态,何时可以查询心安增利退出申请状态
1593,我想查一下之前申请退出心安增利的进度,何时可以查询心安增利退出申请状态
1594,在哪里能查到心安增利退出申请的进度,何时可以查询心安增利退出申请状态
1595,管理人参加心安增利集合计划吗,管理人是否参与心安增利
1596,不知道管理人是不是也能参与心安增利,管理人是否参与心安增利
1597,管理人可以参与心安增利不,管理人是否参与心安增利
1598,管理人能不能购买心安增利啊,管理人是否参与心安增利
1599,为什么我今天开的户今天买不了股票,股票无法买入的原因
1600,为什么我申请购买的股票不能正常申请呢,股票无法买入的原因
1601,为什么我不能买入股票了,股票无法买入的原因
1602,为啥我买不了股票呢,股票无法买入的原因
1603,怎么给你们公司发邮件啊,公司邮箱是什么
1604,你们公司的邮箱给我一下,公司邮箱是什么
1605,给我一下公司的邮箱,公司邮箱是什么
1606,你邮箱是什么啊,公司邮箱是什么
1607,可以进行隔夜委托的交易的有哪些,隔夜委托的种类
1608,隔夜委托主要包括哪些,隔夜委托的种类
1609,隔日委托适用于基金吗,隔夜委托的种类
1610,哪些证券交易可以使用隔夜委托呢,隔夜委托的种类
1611,港股通交易时按哪个银行的汇率为准,港股通交易汇率
1612,港股通买卖时怎么换算人民币和港币,港股通交易汇率
1613,港股通港币卖出的汇率是怎么算的,港股通交易汇率
1614,港股通交易时对汇率是怎么规定的呢,港股通交易汇率
1615,我想合并分级基金,分级基金合并、分拆操作流程
1616,分级基金合并的流程是怎么样的,分级基金合并、分拆操作流程
1617,不知道怎么拆分分级基金,分级基金合并、分拆操作流程
1618,我怎么在电脑上进行分级基金的合并呢,分级基金合并、分拆操作流程
1619,合并分级基金收多少钱,分级基金合并、拆分是否收费
1620,拆分分级基金的时候要不要钱,分级基金合并、拆分是否收费
1621,分级基金拆分需要交钱吗,分级基金合并、拆分是否收费
1622,分级基金在合并的时候要收取费用吗,分级基金合并、拆分是否收费
1623,我想知道怎么通过手机交易系统操作担保品的划转,担保品划转操作
1624,担保品划转是怎么操作的,担保品划转操作
1625,我想划转担保品要在哪里操作啊,担保品划转操作
1626,信用账户的股票放到普通账户里这个时候应该怎么进行担保品的划转呢,担保品划转操作
1627,a股每股收益情况能反应出企业的哪些信息,A股每股收益含义
1628,A股每股盈余是否能反映公司的经营情况,A股每股收益含义
1629,a股每股盈余是什么意思阿,A股每股收益含义
1630,不了解a股每股收益，可以说一下吗,A股每股收益含义
1631,有什么基金当天买当天卖,支持T+0申赎的基金种类
1632,支持T+0申赎的基金有哪几种,支持T+0申赎的基金种类
1633,哪些基金可以当天申购当天赎回,支持T+0申赎的基金种类
1634,哪几类基金是可以T加0申赎的,支持T+0申赎的基金种类
1635,一个账户只能对应一个港股通吗,一个人可以开立几个港股通
1636,我已经开了一个港股通权限了，我还能再开一个吗,一个人可以开立几个港股通
1637,一个人能同时拥有几个港股通的交易权限,一个人可以开立几个港股通
1638,一个账户下能有几个港股通权限,一个人可以开立几个港股通
1639,现金添利要怎么快速取现啊,现金添利快速取现的操作途径
1640,现金添利操作快速提现可以在哪些软件上操作,现金添利快速取现的操作途径
1641,现金添利的快速提现途径有什么,现金添利快速取现的操作途径
1642,能在手机上便利选择现金添利快速取现,现金添利快速取现的操作途径
1643,现金添利在哪设置保留额度,现金添利保留额度设置方法
1644,在哪里设置现金添利的保留额度,现金添利保留额度设置方法
1645,怎么设置现金添利保留额度,现金添利保留额度设置方法
1646,现金添利设置保留额度途径,现金添利保留额度设置方法
1647,现金添利暂停期间会怎样,现金添利“暂停”功能
1648,暂停了现金添利后会怎么样,现金添利“暂停”功能
1649,设置了暂停现金添利有什么变化,现金添利“暂停”功能
1650,现金添利选了暂停我里面的钱会不会少,现金添利“暂停”功能
1651,心安增利为什么开通失败了,未能开通心安增利可能的原因
1652,怎么开通不了心安增利,未能开通心安增利可能的原因
1653,什么原因导致无法开通心安增利,未能开通心安增利可能的原因
1654,想开通心安增利怎么不行,未能开通心安增利可能的原因
1655,为什么现金添利开不了,未能开通现金添利可能的原因
1656,现金添利不能开通是为什么,未能开通现金添利可能的原因
1657,我怎么开通不了现金添利,未能开通现金添利可能的原因
1658,今天想参与现金添利但点进去告诉我未开通,未能开通现金添利可能的原因
1659,通过什么渠道可以了解到君系列产品信息,投资者如何了解君系列产品有关信息
1660,我在哪能看到君系列产品的信息,投资者如何了解君系列产品有关信息
1661,我想了解君系列产品去哪能查到,投资者如何了解君系列产品有关信息
1662,君系列相关信息发我看一下,投资者如何了解君系列产品有关信息
1663,之前跟现金添利取消签约了钱也取了现在怎么重新签约现金添利,提现后，若需重新参与，应如何操作
1664,账户里面的保留资金被我拿出来了还能重新现金添利吗,提现后，若需重新参与，应如何操作
1665,保留额度资金提现之后怎么重新参加现金添利,提现后，若需重新参与，应如何操作
1666,提现后怎么重新参加现金添利,提现后，若需重新参与，应如何操作
1667,即时成交并撤销申报的定义是什么,什么是即时成交并撤销申报
1668,即时成交并撤销申报是什么意思啊,什么是即时成交并撤销申报
1669,不懂什么叫即时成交并撤销申报,什么是即时成交并撤销申报
1670,股票买卖中，即时成交并撤销申报是什么意思,什么是即时成交并撤销申报
1671,保证金比例是哪两者之间的对比,什么是保证金比例
1672,保证金比例是什么意思,什么是保证金比例
1673,保证金比例具体指的是啥,什么是保证金比例
1674,保证金比例是说我融资买入证券时交存保证金与融资交易金额的比例吗,什么是保证金比例
1675,9点30能撤单吗,什么时候可以撤单
1676,开盘之前或收盘以后能不能撤单,什么时候可以撤单
1677,哪些时间段允许撤单,什么时候可以撤单
1678,系统能接受哪些时段的撤单申请,什么时候可以撤单
1679,深圳上市的股票什么情况会停牌,深圳证券交易所停牌规则
1680,深交所会基于哪些情形给予上市公司停牌处理,深圳证券交易所停牌规则
1681,深交所的股票什么情况下会暂停交易,深圳证券交易所停牌规则
1682,深交所股票公司亏损过多会导致停牌吗,深圳证券交易所停牌规则
1683,电脑上面装不了你们的卓越版网上交易软件，咋整,上海证券网上交易软件安装失败处理方法
1684,上海证券电脑交易客户端安无法安装怎么办,上海证券网上交易软件安装失败处理方法
1685,你们的卓越版我的电脑不能安装，是不支持吗,上海证券网上交易软件安装失败处理方法
1686,上证电脑交易客户端装不了如何处理,上海证券网上交易软件安装失败处理方法
1687,开户的时候账号已经有了吗,如何查询基金账户的开通状态
1688,基金账户有没有开通成功要在哪里查呢,如何查询基金账户的开通状态
1689,我想看下我的基金账户开通好没有要怎么办看啊,如何查询基金账户的开通状态
1690,营业部能给我查一下我的账号开通了吗,如何查询基金账户的开通状态
1691,封闭式基金是怎么分红的呢,封闭式基金如何分红
1692,封闭式基金分红是发现金吗,封闭式基金如何分红
1693,封闭式基金的分红每年会分几次啊,封闭式基金如何分红
1694,封闭式基金赔钱了是不是就不会给分红了,封闭式基金如何分红
1695,可以在下午3点卖封闭式基金吗,封闭式基金的交易时间
1696,封闭式基金是在什么时间段进行交易的,封闭式基金的交易时间
1697,封闭式基金可以在什么时间交易,封闭式基金的交易时间
1698,我现在这个时候卖出封闭式基金行不行,封闭式基金的交易时间
1699,封闭式基金的交易费怎么算,封闭式基金的交易费用
1700,封闭式基金在交易的时候需要支付哪些额外的费用呢,封闭式基金的交易费用
1701,交易封闭式基金需要多少费用,封闭式基金的交易费用
1702,封闭式基金的佣金是怎么收的,封闭式基金的交易费用
1703,封闭式基金交易实行的是哪一种交收规则呢,封闭式基金的交收规则
1704,封闭式基金交收上有什么限制,封闭式基金的交收规则
1705,封闭式基金是不是t+0交收的,封闭式基金的交收规则
1706,封闭式基金一般是在交易日后的第几天进行交收的,封闭式基金的交收规则
1707,电商服务平台的初始密码是多少啊,电商服务平台的登录账号、密码是什么
1708,电商服务平台账号是几位的啊,电商服务平台的登录账号、密码是什么
1709,电商平台的密码忘记了怎么办,电商服务平台的登录账号、密码是什么
1710,电商平台的账号是工号吗,电商服务平台的登录账号、密码是什么
1711,首次开通创业板权限的人什么时候能正常交易啊,创业板交易权限首次开通生效时间
1712,不知道第一次开通创业板交易权限一般什么时候能正常买股票,创业板交易权限首次开通生效时间
1713,首次开通创业板的生效时间跟什么有关,创业板交易权限首次开通生效时间
1714,首次开通了创业板权限，几日后可以开始交易,创业板交易权限首次开通生效时间
1715,我怎么知道我创业板的股票权限有没有开通成功啊,创业板交易权限是否开通的查询方法
1716,创业板的交易权限要怎么查啊,创业板交易权限是否开通的查询方法
1717,去营业厅可以查到我有没有开通创业板权限吗,创业板交易权限是否开通的查询方法
1718,打电话能查到我创业板交易的权限的开通情况吗,创业板交易权限是否开通的查询方法
1719,已经设置了保留额度的资金还能拿来买现金添利嘛,保留额度设置后是否参与现金添利
1720,保留额度设置好了之后还能买现金添利吗,保留额度设置后是否参与现金添利
1721,我设置了保留额度之后还能进行现金添利吗,保留额度设置后是否参与现金添利
1722,保留额度设了100元，这部分还参加现金添利吗,保留额度设置后是否参与现金添利
1723,不知道B股交易价格最小变动单位是啥,B股股票交易价格最小变化单位
1724,B股股票在交易的时候价格的最小变动单位是怎么样的,B股股票交易价格最小变化单位
1725,B股交易的最小变动单位是零点几美元来着,B股股票交易价格最小变化单位
1726,B股申报价格最小变动单位是多少,B股股票交易价格最小变化单位
1727,A股交易的佣金是按百分之多少收取的,A股交易收费标准
1728,A股交易怎么收税,A股交易收费标准
1729,A股交易印花税,A股交易收费标准
1730,问下A股交易是怎么收费的呢,A股交易收费标准
1731,想去你们公司上班在哪看招聘的岗位,应该在哪里查询招聘信息
1732,想看下你们的招聘,应该在哪里查询招聘信息
1733,你们公司的招聘岗位在哪里查,应该在哪里查询招聘信息
1734,你们的招聘信息都会登记在哪里阿,应该在哪里查询招聘信息
1735,办理心安增利的退出渠道有哪些,心安增利退出办理途径
1736,手机上能不能退订心安增利,心安增利退出办理途径
1737,想退出心安增利在哪操作,心安增利退出办理途径
1738,不去柜台能把心安增利退掉吗,心安增利退出办理途径
1739,现金添利快速取现最少要取多少钱,现金添利快速取现金额限制
1740,现金添利快速取现能把现金全部取出来吗,现金添利快速取现金额限制
1741,申请现金添利快速提现最多能提多少钱,现金添利快速取现金额限制
1742,现金添利快速提现有上限吗,现金添利快速取现金额限制
1743,系统测试公告会报告什么内容,系统测试公告
1744,系统测试公告是干嘛的,系统测试公告
1745,系统测试公告在哪看,系统测试公告
1746,我不懂系统测试公告讲的什么,系统测试公告
1747,为什么我不能申请补寄纸质对账单,为什么不让我申请补寄纸质对账单
1748,补寄纸质对账单一直不让我申请到底怎么回事嘛,为什么不让我申请补寄纸质对账单
1749,纸质对账单不知道收哪去了再给我一张为什么不能给呢,为什么不让我申请补寄纸质对账单
1750,申请补寄纸质对账单怎么不行呢,为什么不让我申请补寄纸质对账单
1751,怎么算出摊薄浮动盈亏,摊薄浮动盈亏如何计算
1752,我不知道摊薄浮动盈亏怎么算,摊薄浮动盈亏如何计算
1753,摊薄浮动盈亏就是当前市价乘证券数量吗,摊薄浮动盈亏如何计算
1754,摊薄浮动盈亏是基于哪些数据算出来的,摊薄浮动盈亏如何计算
1755,交易股票时的摊薄成本价计算式是什么,摊薄成本价如何计算
1756,摊薄成本就是原始摊薄成本乘原始证券数量吗,摊薄成本价如何计算
1757,我买了一只股票要怎么算它的摊薄成本价,摊薄成本价如何计算
1758,怎么才能算出摊薄成本价,摊薄成本价如何计算
1759,通过港股通买入港股要支付哪种货币,使用何种货币参与港股通交易
1760,港股通交易支持什么币种,使用何种货币参与港股通交易
1761,港股通是用人民币交易吗,使用何种货币参与港股通交易
1762,买卖港股通一定要用港币吗,使用何种货币参与港股通交易
1763,为什么实际扣的佣金率比协商佣金率高了好多,实际收取的佣金比率高于协商佣金率的原因
1764,为什么约定的佣金低实际收的高了一些,实际收取的佣金比率高于协商佣金率的原因
1765,当时商量的佣金率是千分之一实际一算却有千分之三是为什么,实际收取的佣金比率高于协商佣金率的原因
1766,实际的佣金比协商的高是不是证券公司骗了我,实际收取的佣金比率高于协商佣金率的原因
1767,标的证券的范围是谁来确定的,什么是标的证券
1768,标的证券是不是股票,什么是标的证券
1769,标的证券是什么样的证券,什么是标的证券
1770,标的证券是什么意思,什么是标的证券
1771,如何购买现金添利,如何开通现金添利
1772,现金添利那个软件可以开通,如何开通现金添利
1773,现金添利要在哪里开通啊,如何开通现金添利
1774,申购现金添利,如何开通现金添利
1775,我想开通君系列产品要怎么办呢,如何开通参与君系列产品
1776,君系列产品要在哪里开通呢,如何开通参与君系列产品
1777,君系列产品要怎么参与,如何开通参与君系列产品
1778,在手机上可以开通君系列产品吗,如何开通参与君系列产品
1779,普通员工都有什么权限,普通员工权限包括哪些权限
1780,普通员工的权限能干什么,普通员工权限包括哪些权限
1781,一名普通员工有哪些查询权限,普通员工权限包括哪些权限
1782,普通员工的权限有哪些,普通员工权限包括哪些权限
1783,向投资者发行可转债有几种方式可以采用,可转债的发行方式
1784,可转债的发行方式有哪几种,可转债的发行方式
1785,可转换债券发行形式有几个,可转债的发行方式
1786,一般可转债是怎么发行的啊,可转债的发行方式
1787,买理财产品之后开通对账单要不要钱啊,开通对账单功能要收费吗
1788,对账单功能应该是免费开通的吧,开通对账单功能要收费吗
1789,使用对账单需要额外的费用吗,开通对账单功能要收费吗
1790,对账单功能是不需要开通手续费的吧,开通对账单功能要收费吗
1791,不想买君系列了哪天能把钱退出来,君系列产品退出办理时间
1792,是不是任意时候都能退出君系列产品,君系列产品退出办理时间
1793,君系列产品可在交易日退出吗,君系列产品退出办理时间
1794,君系列产品开放那天能不能办退订,君系列产品退出办理时间
1795,基金转托管要在什么时间内操作,基金转托管办理时间
1796,办理基金转托管手续有规定时间吗,基金转托管办理时间
1797,下午三点之后还能申请基金转托管吗,基金转托管办理时间
1798,我基金转托管的办理时间有什么限制啊,基金转托管办理时间
1799,基金账户可以在晚上注销吗,基金账户销户流程
1800,我要注销基金账户,基金账户销户流程
1801,指e通可以注销基金账户,基金账户销户流程
1802,之前注册过一个基金的账号现在不想要了怎么销掉啊,基金账户销户流程
1803,基金账户要怎么开通呢,基金账户开通方法
1804,我想要一个基金账户要怎么申请,基金账户开通方法
1805,基金账户只能去网点开吗,基金账户开通方法
1806,交易基金的账户怎么开,基金账户开通方法
1807,掌厅全业务统计查询这个功能有什么操作说明吗,掌厅全业务统计查询如何操作
1808,掌厅全业务统计查询用起来麻烦吗,掌厅全业务统计查询如何操作
1809,怎么操作才能看到掌厅全业务统计的具体信息,掌厅全业务统计查询如何操作
1810,我怎么能使用掌厅全业务统计查询这个功能,掌厅全业务统计查询如何操作
1811,我都是按要求来的啊，怎么还不能进行债券逆回购交易,债券逆回购委托失败的常见原因
1812,我都符合条件了，为啥债券逆回购还是委托失败,债券逆回购委托失败的常见原因
1813,债券逆回购没有在交易时间就不能委托吗,债券逆回购委托失败的常见原因
1814,逆回购总是卖出失败,债券逆回购委托失败的常见原因
1815,我想看下我之前预约的金额是多少,预约信息查询如何操作
1816,我在哪可以预约信息查询呀,预约信息查询如何操作
1817,我找了半天都没看到有预约信息查询这个功能,预约信息查询如何操作
1818,我昨天预约开立新账户的不知道成功了没怎么看具体情况,预约信息查询如何操作
1819,心安增利理财随时退吗,心安增利退出办理时间
1820,什么时间能办理退出心安增利,心安增利退出办理时间
1821,心安增利有规定退出的时间吗,心安增利退出办理时间
1822,不想买心安增利了哪天能把钱退出来,心安增利退出办理时间
1823,心安增利一般多久分红一次,心安增利何时分红
1824,心安增利分红时间是怎样的,心安增利何时分红
1825,今天买心安增利今天就有分红吗,心安增利何时分红
1826,心安增利的分红时间,心安增利何时分红
1827,怎么查更多关于心安增利的资料,心安增利更多信息查询
1828,在哪里能了解更多心安增利的信息,心安增利更多信息查询
1829,我想了解更多关于心安增利的信息,心安增利更多信息查询
1830,心安增利更多信息查询方式有什么,心安增利更多信息查询
1831,现金添利预约取款后怎么第二天取不出来,现金添利预约取款设置后，次日无法取款，可能的原因
1832,现金添利明明前一天约好了要取钱的为什么今天去银行取不出来,现金添利预约取款设置后，次日无法取款，可能的原因
1833,设置现金添利预约取款后次日取款失败是怎么回事,现金添利预约取款设置后，次日无法取款，可能的原因
1834,预约现金添利取款第二天却取不出款是为什么,现金添利预约取款设置后，次日无法取款，可能的原因
1835,现金添利只能预约一笔取款吗,现金添利预约取款
1836,现金添利约了一笔取现想改金额怎么改,现金添利预约取款
1837,明天想从现金添利账户上取1000怎么预约,现金添利预约取款
1838,现金添利预约取款是干什么的,现金添利预约取款
1839,想查询现金添利的退出进度,现金添利退出申请查询
1840,如何确认已经退出现金添利,现金添利退出申请查询
1841,现金添利退出申请情况查看,现金添利退出申请查询
1842,怎么知道我是不是已经退出现金添利,现金添利退出申请查询
1843,现金添利会收取什么费用,现金添利收费规则
1844,参与现金添利收的收费规则,现金添利收费规则
1845,参与现金添利手续费是免费的吗,现金添利收费规则
1846,现金添利的收费规定,现金添利收费规则
1847,现金添利参与份额查询路径,现金添利参与份额查询方法
1848,我怎么看我参与了多少现金添利,现金添利参与份额查询方法
1849,现金添利参与份额有什么办法可以查到,现金添利参与份额查询方法
1850,现金添利参与份额要怎么查,现金添利参与份额查询方法
1851,现金添利保留额度是说在账户里一直保留一部分资金吗,现金添利保留额度
1852,让我设置现金添利的保留额度是用来干啥的,现金添利保留额度
1853,现金添利保留额度是什么意思,现金添利保留额度
1854,为什么要设置现金添利的保留额度,现金添利保留额度
1855,委托部分成交指的是什么,委托状态显示“部分成交”是什么意思
1856,只有部分委托成交了怎么回事,委托状态显示“部分成交”是什么意思
1857,委托状态显示部分成交是为啥,委托状态显示“部分成交”是什么意思
1858,部分成交是啥意思,委托状态显示“部分成交”是什么意思
1859,融资融券的对账单能不能不要再寄给我了,是否可以取消融资融券对账单
1860,融资融券的对账单可以取消掉吗,是否可以取消融资融券对账单
1861,融资融券的对账单能不能别再发给我了,是否可以取消融资融券对账单
1862,不能取消融资融券对账单啊,是否可以取消融资融券对账单
1863,港股通是t加0的交易吗,什么是港股通T+0交易
1864,解读港股通T+0交易制度,什么是港股通T+0交易
1865,港股通T+0交易制度代表什么含义,什么是港股通T+0交易
1866,港股通股票是t加0的交易吗,什么是港股通T+0交易
1867,什么是分级基金的整体折溢价,什么是分级基金整体折溢价
1868,分级基金的整体折溢价干什么的,什么是分级基金整体折溢价
1869,分级基金基础份额的整体折溢价怎么算,什么是分级基金整体折溢价
1870,帮我解释下分级基金折溢价,什么是分级基金整体折溢价
1871,分级基金会触发下折阈值的情况,什么是分级基金的下折
1872,分级基金下折影响申赎吗,什么是分级基金的下折
1873,怎么理解分级基金下折,什么是分级基金的下折
1874,分级基金下折什么时候进行份额折算,什么是分级基金的下折
1875,分级基金上折是什么意思,什么是分级基金的上折
1876,怎么理解分级基金上折,什么是分级基金的上折
1877,什么是分级基金上折,什么是分级基金的上折
1878,分级基金什么情况下会触发上折,什么是分级基金的上折
1879,每天收市后会发布开放式基金当日单位资产净值吗,什么时候可以知道开放式基金当日的基金单位资产净值
1880,我什么时候能查到开放式基金当日的资产净值结果,什么时候可以知道开放式基金当日的基金单位资产净值
1881,当日开放式基金资产净值何时发布,什么时候可以知道开放式基金当日的基金单位资产净值
1882,今天收市后几天后能查询开放式基金当日单位资产净值,什么时候可以知道开放式基金当日的基金单位资产净值
1883,上海证券微信公众号可以干什么,上海证券微信公众号功能介绍
1884,微信号有什么功能,上海证券微信公众号功能介绍
1885,你们的微信公众号都能查到哪些信息,上海证券微信公众号功能介绍
1886,微信公众号上也能修改密码吗,上海证券微信公众号功能介绍
1887,给你们的客服打电话，每分钟会扣我多少钱,上海证券客服热线收费标准
1888,在外地打客服电话收长途话费吗,上海证券客服热线收费标准
1889,我打你们的客服电话会收我多少话费,上海证券客服热线收费标准
1890,打你们客服所用的话费跟平时是一样的吗,上海证券客服热线收费标准
1891,新搬了家怎么改纸质账单的寄送地址,如何修改纸质对账单的地址
1892,纸质对账单的寄送地址可以改吗,如何修改纸质对账单的地址
1893,以前对账单是寄到公司的现在想寄回家要怎么办,如何修改纸质对账单的地址
1894,我搬家了，怎么改对账单的寄送地址,如何修改纸质对账单的地址
1895,调整之后的佣金要去哪里查询,如何查询佣金率
1896,按照什么比例收取我的佣金的,如何查询佣金率
1897,佣金率是怎么查的啊,如何查询佣金率
1898,佣金率有多少爱哪里可以看,如何查询佣金率
1899,不习惯看融资融券电子对账单能不能给我寄纸质的,融资融券交易有纸质对账单吗
1900,融资融券业务提供的对账单可以是纸质的吗,融资融券交易有纸质对账单吗
1901,融资对账单是写纸上的还是电脑打出来的,融资融券交易有纸质对账单吗
1902,融资融券的对账单有纸质的吗,融资融券交易有纸质对账单吗
1903,融资融券有没有电子对账单的,融资融券交易有电子对账单吗
1904,融资融券可以看电子对账单吗,融资融券交易有电子对账单吗
1905,账户有融资融券交易会不会给我邮箱里面发电子对账单,融资融券交易有电子对账单吗
1906,融资融券交易有没有电子对账单的,融资融券交易有电子对账单吗
1907,普通证券账户和信用证券账户是同一个账户吗,普通证券账户和信用证券账户的关系
1908,普通和信用账户是同一个账户吗,普通证券账户和信用证券账户的关系
1909,普通证券账户和信用证券账户一样吗,普通证券账户和信用证券账户的关系
1910,普通账户是包含了信用账户吗,普通证券账户和信用证券账户的关系
1911,开放式基金一般都是申购还是赎回的时候交手续费啊,开放式基金的收费方式
1912,开放式基金前端收费,开放式基金的收费方式
1913,开放式基金的费用是按照什么规则收取的,开放式基金的收费方式
1914,开放式基金是前端收费还是后端收费啊,开放式基金的收费方式
1915,基金转托管的资费标准给我介绍下,基金转托管收费标准
1916,基金在转托管的时候要花钱吗,基金转托管收费标准
1917,通常基金转托管要怎么收费啊,基金转托管收费标准
1918,基金场外转出一笔多少钱,基金转托管收费标准
1919,基金交易会收多少额外的费用,基金交易收费标准（基金买卖收费规则）
1920,场外基金赎回手续费是多少,基金交易收费标准（基金买卖收费规则）
1921,不知道卖出基金的时候按什么比例收取服务费啊,基金交易收费标准（基金买卖收费规则）
1922,基金在交易的时候会收取哪些费用呢,基金交易收费标准（基金买卖收费规则）
1923,沪B股票代码是多少,沪B股票代码是什么
1924,沪B的股票代码是长什么样的,沪B股票代码是什么
1925,沪B股票的代码是以什么开头的,沪B股票代码是什么
1926,介绍下沪B股的交易代码,沪B股票代码是什么
1927,为啥我股票卖不出去呢,股票无法卖出的原因
1928,为什么我不能抛股票了,股票无法卖出的原因
1929,为什么我卖不了股票啊,股票无法卖出的原因
1930,你好，为什么我开户了无法卖出股票,股票无法卖出的原因
1931,我想下一个个股期权交易软件但是找不到哪里有,个股期权交易软件下载方法
1932,个股期权交易的那个应用要上哪去下啊,个股期权交易软件下载方法
1933,哪个网站能下载专门进行个股期权交易的软件啊,个股期权交易软件下载方法
1934,股票期权交易要用什么软件,个股期权交易软件下载方法
1935,对账单的记录是什么时间段的交易数据,对账单数据是什么时候的
1936,对账单的数据是什么时间段的,对账单数据是什么时候的
1937,每份对账单上的数据是哪个时间段的呢,对账单数据是什么时候的
1938,我这对账单是什么时间段的,对账单数据是什么时候的
1939,电商平台是根据什么原则进行授权的,电商服务平台的授权原则是什么
1940,电商服务平台可以授权申请和审核给同一个人吗,电商服务平台的授权原则是什么
1941,不知道电商服务平台有什么管理要求吗,电商服务平台的授权原则是什么
1942,电商服务平台的授权遵循哪些原则,电商服务平台的授权原则是什么
1943,在网上可以查创业板信息吗,到哪里可以查询相关创业板的信息
1944,我想查一下创业板的要在哪里查啊,到哪里可以查询相关创业板的信息
1945,创业板的相关信息是在哪里查的,到哪里可以查询相关创业板的信息
1946,我想查创业板的有关信息怎么看啊,到哪里可以查询相关创业板的信息
1947,A股竞价交易单笔申报不能超过多少,A股竞价交易单笔申报最大数量
1948,A股竞价交易的时候一笔最多可以申报多少,A股竞价交易单笔申报最大数量
1949,A股竞价一次最多可以申报多少手,A股竞价交易单笔申报最大数量
1950,在进行A股竞价交易的时候每一笔交易有申报数量上限吗,A股竞价交易单笔申报最大数量
1951,A股交易的计价单位是按照什么来算的,A股交易的计价单位
1952,介绍下A股交易的计价单位,A股交易的计价单位
1953,A股计价单位是按每个股票的价格来计算的吗,A股交易的计价单位
1954,A股交易的时候是以什么为计价单位的,A股交易的计价单位
1955,不知道美元能不能买卖A股啊,A股交易币种
1956,A股交收可以用外币吗,A股交易币种
1957,A股可以用美元交易吗,A股交易币种
1958,A股的申购赎回都用的是人民币吗,A股交易币种
1959,不知道让A股成本价等于保本价的计算公式是啥,A股股票成本价为保本价的计算方法
1960,怎么计算才能让A股成本价和保本价一致呢,A股股票成本价为保本价的计算方法
1961,a股成本价与保本价一样时成本价的计算公式,A股股票成本价为保本价的计算方法
1962,A股成本价为保本价时是和购买数量相关吗,A股股票成本价为保本价的计算方法
1963,A股报价方式有几种,A股报价方式
1964,A股的报价方式有哪几种,A股报价方式
1965,A股是怎么报价的,A股报价方式
1966,问下A股是怎么报价的,A股报价方式
1967,麻烦给个营业部的客服热线,营业部联系方式
1968,营业部电话是多少,营业部联系方式
1969,营业部的座机号是什么,营业部联系方式
1970,给我一个营业部的电话号码,营业部联系方式
1971,最近现金添利有什么公告吗,现金添利相关公告查询方法
1972,现金添利产品有出公告吗,现金添利相关公告查询方法
1973,现金添利的公告在哪里看,现金添利相关公告查询方法
1974,现金添利怎么查看公告,现金添利相关公告查询方法
1975,使用现金添利快速取现要收手续费吗,现金添利快速取现是否收费
1976,用现金添利的快速取现功能取钱要收费吗,现金添利快速取现是否收费
1977,现金添利快速取现有没有手续费,现金添利快速取现是否收费
1978,现金添利快速提现要不要手续费的,现金添利快速取现是否收费
1979,手机软件上能查到现金添利参考红利,现金添利参考红利查询方法
1980,你们官网上会有现金添利参考红利的消息吗,现金添利参考红利查询方法
1981,现金添利的参考红利怎么查呢,现金添利参考红利查询方法
1982,现金添利参考红利什么渠道能够查到,现金添利参考红利查询方法
1983,委托状态已报是交易好了还是没有交易呢,委托状态显示“已报”是什么意思
1984,"申购了,委托状态显示已报",委托状态显示“已报”是什么意思
1985,状态显示“委托已报”是不是就是申报成功了,委托状态显示“已报”是什么意思
1986,委托状态是已报是不是就是委托好了,委托状态显示“已报”是什么意思
1987,股票买卖中，全额成交是什么意思,什么是全额成交或撤销申报
1988,如何理解全额成交或撤销申报的定义,什么是全额成交或撤销申报
1989,没明白全额成交或撤销申报是啥意思,什么是全额成交或撤销申报
1990,全额成交就是全部卖出吗,什么是全额成交或撤销申报
1991,我想改一下理财产品的对账单寄送地址要怎么操作,如何修改理财产品对账单的地址
1992,怎么修改理财产品的对账单寄送地址,如何修改理财产品对账单的地址
1993,我之前填的君得盛的对账单地址要换个,如何修改理财产品对账单的地址
1994,要到营业厅去把理财产品的对账单地址进行修改,如何修改理财产品对账单的地址
1995,电子对账单接收的邮箱我想换一下,如何修改电子对账单的邮箱
1996,原先登记的电子对账单的邮箱注销了，要换成现在在用的这个,如何修改电子对账单的邮箱
1997,我的qq邮箱被盗了怎么换一个电子邮箱接收对账单,如何修改电子对账单的邮箱
1998,电子对账单可以发送到新申请的邮箱来吗,如何修改电子对账单的邮箱
1999,不用在给我发电子对账单了,如何取消电子对账单
2000,电子对账单以后不用发给我,如何取消电子对账单
2001,我不想在收到电子对账单了,如何取消电子对账单
2002,我不需要电子对账单了,如何取消电子对账单
2003,能开通心安增利的渠道,如何开通心安增利
2004,心安增利能在手机上开通吗,如何开通心安增利
2005,心安增利需要去营业部开吗,如何开通心安增利
2006,在哪里开通心安增利呢,如何开通心安增利
2007,开放式基金的赎回费用采用什么计算方式,如何计算开放式基金的赎回费用及赎回金额
2008,开放式基金赎回金额的计算公式,如何计算开放式基金的赎回费用及赎回金额
2009,算开放式基金赎回费用是哪个加哪个,如何计算开放式基金的赎回费用及赎回金额
2010,赎回开放式基金要花多少手续费,如何计算开放式基金的赎回费用及赎回金额
2011,那个渠道可以查心安增利的份额,如何查询心安增利信息
2012,心安增利数量哪里能查到,如何查询心安增利信息
2013,心安增利的收益情况要怎么查啊,如何查询心安增利信息
2014,在哪里能查到心安增利的明细,如何查询心安增利信息
2015,我申请退出心安增利了要怎么查有没有成功,如何查询是否退出心安增利产品
2016,有没有退出心安增利成功,如何查询是否退出心安增利产品
2017,刚才操作退出心安增利现在完成了吗,如何查询是否退出心安增利产品
2018,在哪里能查到有没有退出心安增利产品,如何查询是否退出心安增利产品
2019,我想开个港股通不知道是不是免费的,开通港股通是否收费
2020,在开通港股通的是要交什么额外的费用吗,开通港股通是否收费
2021,开通港股通的时候要收钱吗,开通港股通是否收费
2022,办理港股通花钱不,开通港股通是否收费
2023,开户时显示开户完成，我那就能买卖证券了吗,开户步骤中显示“开户完成”是否表示客户已经可以进行交易
2024,状态是“开户完成”为什么不能马上交易,开户步骤中显示“开户完成”是否表示客户已经可以进行交易
2025,开户显示“开户完成”是不是就可以进行交易了,开户步骤中显示“开户完成”是否表示客户已经可以进行交易
2026,就算办理账户时说开户完成，也不能立即进行交易吗,开户步骤中显示“开户完成”是否表示客户已经可以进行交易
2027,我不想要开放式基金的现金分红可以红利转投不,开放式基金分红方式
2028,开放式基金的分红有哪些方式,开放式基金分红方式
2029,开放式基金除了现金分红还有什么方式吗,开放式基金分红方式
2030,开放式基金是以什么方式分发红利的,开放式基金分红方式
2031,君系列产品有否公布新的公告上什么网查,君系列产品相关公告查询方法
2032,我想看一下君系列产品的公告要上哪看,君系列产品相关公告查询方法
2033,想知道君系列产品有没有出新的公告，去哪里看就成,君系列产品相关公告查询方法
2034,君系列产品的公告是在哪里查的,君系列产品相关公告查询方法
2035,不知道股息差别税和什么挂钩啊,股息差别税收费标准
2036,是不是持股时间越长股息差别税税率就越低啊,股息差别税收费标准
2037,股息差别税是怎么进行收费的呢,股息差别税收费标准
2038,股息差别税是按照什么标准收的呢,股息差别税收费标准
2039,公司总机电话多少,公司总机是什么
2040,公司总机号码,公司总机是什么
2041,我想要个总机号码,公司总机是什么
2042,公司总机号码是多少呢,公司总机是什么
2043,港股通在进行交易的时候会产生什么费用,港股通交易费用
2044,港股通有没有手续费啊,港股通交易费用
2045,港股通的交易费用具体是哪些,港股通交易费用
2046,在进行港股通交易的时候要缴纳哪些额外的费用啊,港股通交易费用
2047,为啥港股的红利已经发了我还是没看到账户上有多出的钱呢,港股红利资金派发到账时间
2048,港股红利不是实时转账到我的账户上吗,港股红利资金派发到账时间
2049,港股红利的那部分钱要什么时候才能到账呢,港股红利资金派发到账时间
2050,我香港股票的红利什么时候能分到我的账户上,港股红利资金派发到账时间
2051,登记股东账户要钱吗,登记股东账号是否收费
2052,在登记股东账户的时候要不要收费啊,登记股东账号是否收费
2053,我想登记一下股东账号不知道费用怎么算,登记股东账号是否收费
2054,我注册股东账号收钱吗,登记股东账号是否收费
2055,创业板的交易时间是几点到几点,创业板的交易时间
2056,在什么时间可以进行创业板交易呢,创业板的交易时间
2057,创业板是在什么时间段内进行交易的,创业板的交易时间
2058,我现在可以在创业板进行集合竞价吗,创业板的交易时间
2059,部门负责人如何发起更换部门流程,部门负责人如何申请部门变更
2060,不知道部门负责人怎么申请修改部门啊,部门负责人如何申请部门变更
2061,我是部门的主管想去其他部门要怎么申请,部门负责人如何申请部门变更
2062,部门负责人申请调岗要怎么做,部门负责人如何申请部门变更
2063,买入B股的时候需要缴纳哪些费用啊,B股交易费用
2064,B股除了佣金费还有哪些手续费啊,B股交易费用
2065,B股交易的时候需要交哪些额外的费用,B股交易费用
2066,B股交易会产生哪些费用呢,B股交易费用
2067,沪市B股买数额是多少股为一手,B股股票的交易单位是什么
2068,B股交易的时候是以什么为单位的,B股股票的交易单位是什么
2069,B股申购单位最少是多少股,B股股票的交易单位是什么
2070,不知道B股的买卖是不是最少100股啊,B股股票的交易单位是什么
2071,B股股票是按照什么规则来撮合成交的,B股股票的成交原则是什么
2072,不知道B股的成交规则是怎样的,B股股票的成交原则是什么
2073,B股成交原则是啥,B股股票的成交原则是什么
2074,B股成交是按照时间优先的吗,B股股票的成交原则是什么
2075,B股除权除息日是指什么时候,B股除权除息日
2076,介绍下B股除权除息日是什么,B股除权除息日
2077,B股除权除息日应该在哪看,B股除权除息日
2078,B股的除权除息日是怎么查的啊,B股除权除息日
2079,A股交易的时候申报价格最小变动单位是多少啊,A股交易的申报价格最小变动单位
2080,A股交易的申报价格最小的波动单位是不是一毛钱,A股交易的申报价格最小变动单位
2081,不知道A股交易的申报价格是以多少钱为标准变动的,A股交易的申报价格最小变动单位
2082,A股在申报的时候价格的最小变动单位是什么呢,A股交易的申报价格最小变动单位
2083,A股分配红利是不是就在股权登记日这一天,A股股权登记日
2084,A股的股权登记日是什么日子,A股股权登记日
2085,A股分红就定在股权登记日吧,A股股权登记日
2086,股权登记日是不是就是A股分红的日子,A股股权登记日
